2026-10-02 22:48:30,582221331,2463428045,262500000,51562500
2026-10-03 00:59:17,732647547,2541641290,75111111,51638889
2026-10-03 01:04:36,732647547,2541641290,75111111,51638889
2026-10-03 01:09:43,733204956,2539023221,75111111,51638889
2026-10-03 01:14:38,733204956,2539023221,75111111,51638889
2026-10-03 01:19:58,732473672,2537667235,75111111,51638889
2026-10-03 01:25:04,732473672,2537667235,75111111,51638889
2026-10-03 01:30:00,732470523,2536580133,75111111,51638889
2026-10-03 01:35:15,739430199,2529542753,75111111,51638889
2026-10-03 01:40:29,739430199,2529542753,75111111,51638889
2026-10-03 01:45:02,739429717,2511390055,75111111,51638889
2026-10-03 01:50:22,739429717,2511390055,75111111,51638889
2026-10-03 01:55:35,476874161,2506942466,338000000,51638889
2026-10-03 02:00:08,476873459,2506887486,338000000,51638889
2026-10-03 02:05:28,476873459,2506887486,338000000,51638889
2026-10-03 02:10:38,476873459,2506817032,338000000,51638889
2026-10-03 02:15:11,491727573,2490556311,338000000,51638889
2026-10-03 02:20:32,491727573,2490556311,338000000,51638889
2026-10-03 02:25:45,450762755,2531874519,338000000,51638889
2026-10-03 02:30:18,450762755,2531874519,338000000,51638889
2026-10-03 02:35:40,485391743,2496185389,338000000,51638889
2026-10-03 02:40:49,485391743,2496185389,338000000,51638889
2026-10-03 02:45:26,370284500,2613846271,338000000,51638889
2026-10-03 02:50:30,370284500,2613846271,338000000,51638889
2026-10-03 02:55:43,370284500,2613846271,338000000,51638889
2026-10-03 03:00:44,370284500,2613846271,338000000,51638889
2026-10-03 03:06:08,370284500,2613846271,338000000,51638889
2026-10-03 03:11:21,745563450,2258905580,338000000,51638889
2026-10-03 03:15:58,749354026,2245912230,338000000,51638889
2026-10-03 03:21:04,749354026,2245912230,338000000,51638889
2026-10-03 03:26:15,748042439,2229749503,338000000,51638889
2026-10-03 03:31:16,748042439,2225764323,338000000,51638889
2026-10-03 03:36:40,748042439,2225764323,338000000,51638889
2026-10-03 03:41:53,748042439,2225764323,338000000,51638889
2026-10-03 03:46:34,884761704,2081275593,338000000,51638889
2026-10-03 03:51:38,884761704,2081275593,338000000,51638889
2026-10-03 03:56:52,884766451,2077106582,338000000,51638889
2026-10-03 04:01:57,884776337,2074179317,338000000,51638889
2026-10-03 04:07:03,884776337,2074179317,338000000,51638889
2026-10-03 04:12:21,815065343,2142171592,338000000,51638889
2026-10-03 04:17:01,815065343,2142171592,338000000,51638889
2026-10-03 04:22:10,815065343,2142171592,338000000,51638889
2026-10-03 04:27:25,1038337740,1917416468,338000000,51638889
2026-10-03 04:32:05,1038337740,1917416468,338000000,51638889
2026-10-03 04:37:12,1101050919,1851784999,338000000,51638889
2026-10-03 04:42:27,1101050919,1851784999,338000000,51638889
2026-10-03 04:47:07,925605441,2025922580,338000000,51638889
2026-10-03 04:52:16,927255441,2021344758,338000000,51638889
2026-10-03 04:57:33,814687821,2132868766,338000000,51638889
2026-10-03 05:02:15,814687821,2132868766,338000000,51638889
2026-10-03 05:07:22,794284605,2152432230,338000000,51638889
2026-10-03 05:12:40,794284605,2152432230,338000000,51638889
2026-10-03 05:17:18,1082972227,1862730899,338000000,51638889
2026-10-03 05:22:26,1082972227,1862730899,338000000,51638889
2026-10-03 05:27:40,1133184415,1810977067,338000000,51638889
2026-10-03 05:32:25,1133184415,1810977067,338000000,51638889
2026-10-03 05:37:36,1135325637,1807454905,338000000,51638889
2026-10-03 05:42:55,1177026991,1765195583,338000000,51638889
2026-10-03 05:47:36,1182916440,1760848347,338000000,51638889
2026-10-03 05:52:47,1182916440,1760848347,338000000,51638889
2026-10-03 05:58:02,1182892542,1760857201,338000000,51638889
2026-10-03 06:02:45,1269804324,1673632971,338000000,51638889
2026-10-03 06:08:01,1269804324,1673632971,338000000,51638889
2026-10-03 06:13:20,1174093505,1790691576,338000000,51638889
2026-10-03 06:18:03,1174093505,1790691576,338000000,51638889
2026-10-03 06:23:14,1174078644,1790699631,338000000,51638889
2026-10-03 06:28:37,1174078644,1790699631,338000000,51638889
2026-10-03 06:33:14,1467837279,1692043031,150222222,51638889
2026-10-03 06:38:23,1467837279,1692043031,150222222,51638889
2026-10-03 06:43:45,1471962279,1687898315,150222222,51638889
2026-10-03 06:48:25,1345694452,1817902629,150222222,51638889
2026-10-03 06:53:39,1345694452,1817902629,150222222,51638889
2026-10-03 06:58:58,1372495553,1790085346,150222222,51638889
2026-10-03 07:03:39,1372495553,1790085346,150222222,51638889
2026-10-03 07:08:51,1377812858,1784961771,150222222,51638889
2026-10-03 07:14:10,1377812858,1784961771,150222222,51638889
2026-10-03 07:18:52,1176322656,1989158475,150222222,51638889
2026-10-03 07:24:04,1176322656,1989158475,150222222,51638889
2026-10-03 07:29:25,1176322656,1989158475,150222222,51638889
2026-10-03 07:34:09,1176322656,1989158475,150222222,51638889
2026-10-03 07:39:18,1393020071,1802762605,150222222,51638889
2026-10-03 07:44:38,1393020071,1802762605,150222222,51638889
2026-10-03 07:49:25,1084890885,1928486841,338400000,51700000
2026-10-03 07:54:36,1084890885,1928486841,338400000,51700000
2026-10-03 07:59:55,1084890885,1928486841,338400000,51700000
2026-10-03 08:04:38,1358202363,1755816708,263200000,51700000
2026-10-03 08:09:47,1358202363,1755816708,263200000,51700000
2026-10-03 08:15:07,1358202363,1755816708,263200000,51700000
2026-10-03 08:19:46,1432683496,1883715861,75200000,75200000
2026-10-03 08:24:54,1432683496,1883715861,75200000,75200000
2026-10-03 08:30:13,1188235012,2128619085,75200000,75200000
2026-10-03 08:34:56,1188235012,2128619085,75200000,75200000
2026-10-03 08:40:07,1221278020,2095405218,75200000,75200000
2026-10-03 08:45:27,1221278020,2095405218,75200000,75200000
2026-10-03 08:50:09,1642945623,1676490081,75200000,75200000
2026-10-03 08:55:18,1642945623,1676490081,75200000,75200000
2026-10-03 09:00:38,1642945623,1676490081,75200000,75200000
2026-10-03 09:05:28,2183632329,1138148288,75200000,75200000
2026-10-03 09:10:35,2183632329,1138148288,75200000,75200000
2026-10-03 09:15:35,1879766682,1450849655,75200000,75200000
2026-10-03 09:20:39,1879766682,1450849655,75200000,75200000
2026-10-03 10:21:12,834630700,2353866200,338399090,75199798
2026-10-03 10:26:14,834630700,2353866200,338399090,75199798
2026-10-03 10:31:27,834630700,2353866200,338399090,75199798
2026-10-03 10:36:06,834630700,2353866200,338399090,75199798
2026-10-03 10:41:12,1504653861,1723451120,338399090,75199798
2026-10-03 10:46:22,1504653861,1723451120,338399090,75199798
2026-10-03 10:51:18,1504653861,1723451120,338399090,75199798
2026-10-03 10:56:35,1504653861,1723451120,338399090,75199798
2026-10-03 11:01:48,1659450207,1593768313,338399090,75199798
2026-10-03 11:06:23,1741325808,1512871829,338399090,75199798
2026-10-03 11:11:26,1741325808,1512871829,338399090,75199798
2026-10-03 11:16:40,1741325808,1512871829,338399090,75199798
2026-10-03 11:21:40,1741325808,1512871829,338399090,75199798
2026-10-03 11:27:03,2139888129,1121863059,338399090,75199798
2026-10-03 11:32:11,2139888129,1121863059,338399090,75199798
2026-10-03 11:36:46,2256705533,1004460156,338399090,75199798
2026-10-03 11:41:48,2256705533,1004460156,338399090,75199798
2026-10-03 11:47:01,2147518185,1110792949,338399090,75199798
2026-10-03 11:51:59,2147518185,1110792949,338399090,75199798
2026-10-03 11:57:21,2147518185,1110792949,338399090,75199798
2026-10-03 12:02:35,1830145838,1425584330,338399090,75199798
2026-10-03 12:07:11,1830145838,1425584330,338399090,75199798
2026-10-03 12:12:18,1531686496,1719820343,338399090,75199798
2026-10-03 12:17:30,1531686496,1719820343,338399090,75199798
2026-10-03 12:22:32,1548185270,1701490712,338399090,75199798
2026-10-03 12:27:57,1548185270,1701490712,338399090,75199798
2026-10-03 12:33:07,1563176758,1689342849,338399090,75199798
2026-10-03 12:37:45,1563176758,1689342849,338399090,75199798
2026-10-03 12:42:50,1563176758,1689342849,338399090,75199798
2026-10-03 12:48:05,2292661413,960229489,338399090,75199798
2026-10-03 12:52:46,2292661413,960229489,338399090,75199798
2026-10-03 12:57:51,2292661413,960229489,338399090,75199798
2026-10-03 13:03:07,1870692117,1386151444,338399090,75199798
2026-10-03 13:08:09,1870692117,1386151444,338399090,75199798
2026-10-03 13:13:16,1971299347,1284022543,338399090,75199798
2026-10-03 13:18:36,1782385719,1510659831,338399090,75199798
2026-10-03 13:23:17,1782385719,1510659831,338399090,75199798
2026-10-03 13:28:24,1730889768,1557311993,338399090,75199798
2026-10-03 13:33:40,1730889768,1557311993,338399090,75199798
2026-10-03 13:38:21,1847710799,1548413151,225599393,75199798
2026-10-03 13:43:30,1848536421,1542014044,225599393,75199798
2026-10-03 13:48:46,1848536421,1542014044,225599393,75199798
2026-10-03 13:53:28,1815698657,1581319489,225599393,75199798
2026-10-03 13:58:37,1815698657,1581319489,225599393,75199798
2026-10-03 14:03:54,1789698823,1607250620,225599393,75199798
2026-10-03 14:08:38,1789698823,1607250620,225599393,75199798
2026-10-03 14:13:48,1467137501,1934915074,225599393,75199798
2026-10-03 14:37:47,1467431792,1932375654,222599393,74199798
2026-10-03 14:43:01,1467431792,1918584495,222599393,74199798
2026-10-03 14:47:31,1470948423,1920042037,222599393,74199798
2026-10-03 14:52:44,1470948423,1920042037,222599393,74199798
2026-10-03 14:57:54,1244979106,2150758885,222599393,74199798
2026-10-03 15:02:47,1244979106,2150758885,222599393,74199798
2026-10-03 15:08:04,1244979106,2150758885,222599393,74199798
2026-10-03 15:13:16,884867143,2520336859,222599393,74199798
2026-10-03 15:18:09,888929935,2515249621,222599393,74199798
2026-10-03 15:23:30,888929935,2515249621,222599393,74199798
2026-10-03 15:49:49,766765665,2570123314,300711110,75177778
2026-10-03 15:55:00,766765665,2570107801,300711110,75177778
2026-10-03 15:59:51,767279783,2569523499,300711110,75177778
2026-10-03 16:05:11,767279783,2569523499,300711110,75177778
2026-10-03 16:10:21,767279198,2569510991,300711110,75177778
2026-10-03 16:14:52,767279198,2569510991,300711110,75177778
2026-10-03 16:20:10,780916652,2555852031,300711110,75177778
2026-10-03 16:25:15,780859269,2555899966,300711110,75177778
2026-10-03 16:30:09,780859269,2555899966,300711110,75177778
2026-10-03 16:35:30,780854173,2552660420,300711110,75177778
2026-10-03 16:40:39,780854173,2552660420,300711110,75177778
2026-10-03 16:45:15,965889168,2477881969,187944444,75177778
2026-10-03 16:50:35,965889168,2477881969,187944444,75177778
2026-10-03 16:55:54,950574461,2491799358,187944444,75177778
2026-10-03 17:00:25,950574461,2491799358,187944444,75177778
2026-10-03 17:05:41,999346109,2439783989,187944444,75177778
2026-10-03 17:10:54,999346739,2436538630,187944444,75177778
2026-10-03 17:15:30,999346739,2436538630,187944444,75177778
2026-10-03 17:20:32,999348241,2435080075,187944444,75177778
2026-10-03 17:25:46,999348241,2435080075,187944444,75177778
2026-10-03 17:30:43,999350125,2418501092,187944444,75177778
2026-10-03 17:35:47,999351818,2415233084,187944444,75177778
2026-10-03 17:40:58,999351818,2415233084,187944444,75177778
2026-10-03 17:46:00,882059303,2531296895,187944444,75177778
2026-10-03 17:51:25,882059303,2531296895,187944444,75177778
2026-10-03 17:56:38,882058133,2528695277,187944444,75177778
2026-10-03 18:01:16,995559890,2528433370,75177778,75177778
2026-10-03 18:06:21,995559890,2528433370,75177778,75177778
2026-10-03 18:11:33,1009777297,2514179914,75177778,75177778
2026-10-03 18:16:36,1009771719,2514153551,75177778,75177778
2026-10-03 18:21:38,1009771719,2514153551,75177778,75177778
2026-10-03 18:26:57,1009768528,2514120215,75177778,75177778
2026-10-03 18:31:53,1018704555,2505150580,75177778,75177778
2026-10-03 18:36:59,1018704555,2505150580,75177778,75177778
2026-10-03 18:42:12,1018704555,2505150580,75177778,75177778
2026-10-03 18:47:18,1081713074,2442111693,75177778,75177778
2026-10-03 18:52:22,1081713074,2442111693,75177778,75177778
2026-10-03 18:57:23,1034538817,2495023406,75177778,75177778
2026-10-03 19:02:27,1034550306,2494948884,75177778,75177778
2026-10-03 19:07:36,1034550306,2494948884,75177778,75177778
2026-10-03 19:12:50,956525123,2575263611,75177778,75177778
2026-10-03 19:17:29,956513151,2575229955,75177778,75177778
2026-10-03 19:22:35,956513151,2575229955,75177778,75177778
2026-10-03 19:27:53,956513151,2575229955,75177778,75177778
2026-10-03 19:32:34,966883458,2571574052,75177778,75177778
2026-10-03 19:37:41,966883458,2571574052,75177778,75177778
2026-10-03 19:42:56,966883458,2571574052,75177778,75177778
2026-10-03 19:47:56,966883458,2571574052,75177778,75177778
2026-10-03 19:52:58,1008961959,2551311981,75177778,75177778
2026-10-03 19:58:20,1475358624,2084889845,75177778,75177778
2026-10-03 20:03:03,1475358624,2084889845,75177778,75177778
2026-10-03 20:08:10,1475358624,2084889845,75177778,75177778
2026-10-03 20:13:12,1398291501,2164013375,75177778,75177778
2026-10-03 20:18:20,1398291501,2164013375,75177778,75177778
2026-10-03 20:23:27,1258259470,2313656578,75177778,75177778
2026-10-03 20:28:47,1258259470,2313656578,75177778,75177778
2026-10-03 20:33:32,1258259470,2313656578,75177778,75177778
2026-10-03 20:38:46,1146939019,2424383110,75177778,75177778
2026-10-03 20:43:47,1146939019,2424383110,75177778,75177778
2026-10-03 20:48:55,1146913510,2421965257,75177778,75177778
2026-10-03 20:54:06,980455738,2591069154,75177778,75177778
2026-10-03 20:59:24,980455738,2591069154,75177778,75177778
2026-10-03 21:04:09,982446596,2590982258,75177778,75177778
2026-10-03 21:09:15,982446596,2590930086,75177778,75177778
2026-10-03 21:14:15,982446596,2590930086,75177778,75177778
2026-10-03 21:19:22,982422770,2590889530,75177778,75177778
2026-10-03 21:19:32,982422770,2590889530,75177778,75177778
2026-10-03 21:24:42,982422770,2590889530,75177778,75177778
2026-10-03 21:29:44,642765857,2936875331,75177778,75177778
2026-10-03 21:34:53,642765857,2936875331,75177778,75177778
2026-10-03 21:40:09,642765857,2936875331,75177778,75177778
2026-10-03 21:45:16,534521593,2936832338,187944949,98671098
2026-10-03 21:49:59,534521593,2936832338,187944949,98671098
2026-10-03 21:55:13,734216096,2907081253,0,122164217
2026-10-03 22:00:14,834092902,2807126684,0,122164217
2026-10-03 22:05:03,834092902,2807126684,0,122164217
2026-10-03 22:10:16,855778099,2785334137,0,122164217
2026-10-03 22:15:34,855778099,2785334137,0,122164217
2026-10-03 22:20:07,840505322,2800893154,0,122164217
2026-10-03 22:25:29,840505322,2800788978,0,122164217
2026-10-03 22:30:50,968439151,2672750688,0,122164217
2026-10-03 22:35:34,968439151,2672750688,0,122164217
2026-10-03 22:40:51,955648731,2685769331,0,122164217
2026-10-03 22:45:51,955648731,2685769331,0,122164217
2026-10-03 22:50:18,1135908287,2505436980,0,122164217
2026-10-03 22:55:27,1135908287,2505436980,0,122164217
2026-10-03 23:00:35,1180133287,2461133051,0,122164217
2026-10-03 23:05:25,1180133287,2461133051,0,122164217
2026-10-03 23:10:37,1118553292,2524284182,0,122164217
2026-10-03 23:15:44,1118553292,2524284182,0,122164217
2026-10-03 23:20:31,1118552775,2524197574,0,122164217
2026-10-03 23:25:40,1118943039,2523770390,0,122164217
2026-10-03 23:30:48,1118943039,2523770390,0,122164217
2026-10-03 23:35:34,1118943039,2523770390,0,122164217
2026-10-03 23:40:43,804546474,2592088841,259000000,120250000
2026-10-03 23:45:51,804550927,2592047794,259000000,120250000
2026-10-03 23:50:46,804550927,2592047794,259000000,120250000
2026-10-03 23:55:54,580671392,2819826492,259000000,120250000
2026-10-04 00:01:00,580671392,2819826492,259000000,120250000
2026-10-04 00:05:55,580676593,2819778644,259000000,120250000
2026-10-04 00:11:02,580676593,2819137534,259000000,120250000
2026-10-04 00:16:10,580676593,2819137534,259000000,120250000
2026-10-04 00:21:00,580666418,2819105577,259000000,120250000
2026-10-04 00:36:11,580653800,2818803879,262499999,121875000
2026-10-04 00:41:28,580653800,2818803879,262499999,121875000
2026-10-04 00:46:41,694153798,2818755462,150000000,121875000
2026-10-04 00:51:14,694153798,2817207187,150000000,121875000
2026-10-04 00:56:33,694153798,2817207187,150000000,121875000
2026-10-04 01:01:48,739299799,2774702226,150000000,121875000
2026-10-04 01:06:21,739299799,2774702226,150000000,121875000
2026-10-04 01:11:23,739288434,2773666609,150000000,121875000
2026-10-04 01:16:36,739288434,2773666609,150000000,121875000
2026-10-04 01:21:35,625063349,2890650810,150000000,121875000
2026-10-04 01:26:39,626844910,2887773584,150000000,121875000
2026-10-04 01:31:53,626844910,2887773584,150000000,121875000
2026-10-04 01:36:54,626844910,2887773584,150000000,121875000
2026-10-04 01:37:02,626844910,2887773584,150000000,121875000
2026-10-04 01:42:09,582172112,2936505955,150000000,121875000
2026-10-04 01:47:26,583812908,2934764121,150000000,121875000
2026-10-04 01:52:03,583812908,2934764121,150000000,121875000
2026-10-04 01:57:11,691079024,2925068849,75000000,121875000
2026-10-04 02:02:25,691079024,2925068849,75000000,121875000
2026-10-04 02:07:02,620600909,3006606282,75000000,121875000
2026-10-04 02:12:09,620600909,3006606282,75000000,121875000
2026-10-04 02:17:20,622792471,3004278536,75000000,121875000
2026-10-04 02:22:21,622792471,3004278536,75000000,121875000
2026-10-04 02:27:22,756704277,2870278091,75000000,121875000
2026-10-04 02:32:37,669166929,2974339324,75000000,121875000
2026-10-04 02:37:33,669166929,2974339324,75000000,121875000
2026-10-04 02:42:35,669166929,2974339324,75000000,121875000
2026-10-04 02:47:51,406590412,3147497422,187500000,121875000
2026-10-04 02:52:54,432456723,3121416592,187500000,121875000
2026-10-04 02:57:55,432456723,3121416592,187500000,121875000
2026-10-04 03:03:16,432456723,3121313541,187500000,121875000
2026-10-04 03:07:59,561458614,3104694960,75000000,121875000
2026-10-04 03:13:10,561458614,3102345057,75000000,121875000
2026-10-04 03:18:24,561458614,3102345057,75000000,121875000
2026-10-04 03:23:06,561449047,3100002451,75000000,121875000
2026-10-04 03:38:16,303949047,3114229523,332999999,120250000
2026-10-04 03:43:37,303949047,3114229523,332999999,120250000
2026-10-04 03:48:49,310048002,3105354181,332999999,120250000
2026-10-04 03:53:20,310048002,3105354181,332999999,120250000
2026-10-04 03:58:22,265388520,3140115310,332999999,120250000
2026-10-04 04:03:29,265388520,3140115310,332999999,120250000
2026-10-04 04:08:33,265390892,3124338702,332999999,120250000
2026-10-04 04:13:56,265390892,3124338702,332999999,120250000
2026-10-04 04:19:05,265404435,3121984298,332999999,120250000
2026-10-04 04:23:39,265404435,3121984298,332999999,120250000
2026-10-04 04:28:42,281941333,3104443356,332999999,120250000
2026-10-04 04:33:55,281939089,3103892708,332999999,120250000
2026-10-04 04:38:55,281939089,3103892708,332999999,120250000
2026-10-04 04:44:20,282435627,3103361300,332999999,120250000
2026-10-04 04:49:30,282435627,3103361300,332999999,120250000
2026-10-04 04:54:08,284003199,3101786738,332999999,120250000
2026-10-04 04:59:16,283958873,3101823035,332999999,120250000
2026-10-04 05:04:26,283958873,3101823035,332999999,120250000
2026-10-04 05:09:27,283952398,3101820486,332999999,120250000
2026-10-04 05:14:28,283952398,3101820486,332999999,120250000
2026-10-04 05:19:46,283947101,3101818391,332999999,120250000
2026-10-04 05:24:49,283947101,3101818391,332999999,120250000
2026-10-04 05:29:58,297720448,3088038583,332999999,120250000
2026-10-04 05:35:09,344613546,3041136944,332999999,120250000
2026-10-04 05:40:12,344613546,3041136944,332999999,120250000
2026-10-04 05:45:17,344613546,3039116887,332999999,120250000
2026-10-04 05:50:33,344613546,3039116887,332999999,120250000
2026-10-04 05:55:31,344618892,3038927859,332999999,120250000
2026-10-04 06:00:36,457118360,3038920969,221999999,120250000
2026-10-04 06:05:51,457118360,3038920969,221999999,120250000
2026-10-04 06:10:34,486707848,3009327608,221999999,120250000
2026-10-04 06:15:41,486707848,3009327608,221999999,120250000
2026-10-04 06:20:55,473101051,3022482173,221999999,120250000
2026-10-04 06:42:13,552557577,2941018247,224999999,121875000
2026-10-04 06:47:14,552557577,2941018247,224999999,121875000
2026-10-04 06:52:24,552554896,2940014348,224999999,121875000
2026-10-04 06:57:22,552554896,2940014348,224999999,121875000
2026-10-04 07:02:42,563774047,2927790827,224999999,121875000
2026-10-04 07:07:50,563774047,2927790827,224999999,121875000
2026-10-04 07:12:24,471449457,3022133777,224999999,121875000
2026-10-04 07:17:27,518339455,2974231584,224999999,121875000
2026-10-04 07:22:38,518339455,2974231584,224999999,121875000
2026-10-04 07:27:37,524765105,2966797723,224999999,121875000
2026-10-04 07:32:40,529715105,2960839655,224999999,121875000
2026-10-04 07:37:56,529715105,2960839655,224999999,121875000
2026-10-04 07:42:51,818555213,2882283920,37500000,121875000
2026-10-04 07:47:55,818555213,2882283920,37500000,121875000
2026-10-04 07:53:05,784116038,2917157589,37500000,121875000
2026-10-04 07:58:05,784116038,2917157589,37500000,121875000
2026-10-04 08:03:30,820123883,2880997222,37500000,121875000
2026-10-04 08:08:42,837430579,2863686686,37500000,121875000
2026-10-04 08:13:17,837430579,2863686686,37500000,121875000
2026-10-04 08:18:22,837430579,2863686686,37500000,121875000
2026-10-04 08:23:33,837424516,2863689295,37500000,121875000
2026-10-04 08:28:32,837424516,2863689295,37500000,121875000
2026-10-04 08:33:57,578929072,2863679039,296800000,120575000
2026-10-04 08:39:12,580244384,2862358649,296800000,120575000
2026-10-04 08:43:49,580244384,2862358649,296800000,120575000
2026-10-04 08:48:54,580244384,2862348910,296800000,120575000
2026-10-04 08:54:11,886471304,2556119057,296800000,120575000
2026-10-04 08:59:14,886471304,2556119057,296800000,120575000
2026-10-04 09:04:42,886471304,2556119057,296800000,120575000
2026-10-04 09:09:56,1049599279,2593420330,111300000,120575000
2026-10-04 09:53:05,1577803155,1359504976,112200000,121550000
2026-10-04 09:58:10,1577803155,1359504976,112200000,121550000
2026-10-04 10:03:19,2097624670,836841680,112200000,121550000
2026-10-04 10:08:17,2002426401,755792391,299199999,144925000
2026-10-04 10:13:38,2002426401,755792391,299199999,144925000
2026-10-04 10:18:48,2063166735,695047854,299199999,144925000
2026-10-04 10:23:19,2063166735,695047854,299199999,144925000
2026-10-04 10:28:39,2063166735,695047854,299199999,144925000
2026-10-04 10:33:50,2063166735,695047854,299199999,144925000
2026-10-04 10:38:26,2063166735,695047854,299199999,144925000
2026-10-04 10:43:48,502196197,2488964341,112200000,144925000
2026-10-04 10:49:00,502196197,2488964341,112200000,144925000
2026-10-04 10:53:33,502196197,2488964341,112200000,144925000
2026-10-04 10:58:38,502196197,2488964341,112200000,144925000
2026-10-04 11:03:45,940550217,2073469865,112200000,144925000
2026-10-04 11:08:44,940550217,2073469865,112200000,144925000
2026-10-04 11:14:01,940550217,2073469865,112200000,144925000
2026-10-04 11:19:16,940550217,2073469865,112200000,144925000
2026-10-04 11:23:47,940550217,2073469865,112200000,144925000
2026-10-04 11:29:11,772807280,2311643548,112200000,144925000
2026-10-04 11:34:24,772807280,2311643548,112200000,144925000
2026-10-04 11:39:01,772807280,2311643548,112200000,144925000
2026-10-04 11:44:04,483369179,2429037098,299555555,145097222
2026-10-04 11:49:17,483369179,2429004611,299555555,145097222
2026-10-04 11:54:20,483369179,2429004611,299555555,145097222
2026-10-04 11:59:44,278452572,2844466751,112333333,145097222
2026-10-04 12:04:59,278452572,2844466751,112333333,145097222
2026-10-04 12:09:35,278452572,2844466751,112333333,145097222
2026-10-04 12:14:41,376924855,2760420886,112333333,145097222
2026-10-04 12:19:56,376924855,2760420886,112333333,145097222
2026-10-04 12:24:59,494093855,2644488740,112333333,145097222
2026-10-04 12:30:05,494093855,2641265383,112333333,145097222
2026-10-04 12:35:25,494093855,2641265383,112333333,145097222
2026-10-04 12:40:00,494093855,2641265383,112333333,145097222
2026-10-04 12:45:03,498875696,2633101419,112333333,145097222
2026-10-04 12:50:19,498875696,2633101419,112333333,145097222
2026-10-04 12:55:20,323235732,2814877306,112333333,145097222
2026-10-04 13:00:29,433344080,2704071094,112333333,145097222
2026-10-04 13:05:45,433344080,2704071094,112333333,145097222
2026-10-04 13:10:24,278914811,2866602621,112333333,145097222
2026-10-04 13:15:30,278914811,2866602621,112333333,145097222
2026-10-04 13:20:47,289398821,2856075235,112333333,145097222
2026-10-04 13:25:51,289398821,2856075235,112333333,145097222
2026-10-04 13:31:02,99757253,3055844260,112333333,145097222
2026-10-04 13:36:17,99757253,3055844260,112333333,145097222
2026-10-04 13:40:38,253336609,3026938170,0,145097222
2026-10-04 13:45:45,253336609,3026938170,0,145097222
2026-10-04 13:51:05,253264592,3025961032,0,145097222
2026-10-04 13:55:45,377304591,2898861960,0,145097222
2026-10-04 14:01:01,377304591,2898861960,0,145097222
2026-10-04 14:06:17,4844919,2976633698,261877778,144968056
2026-10-04 14:11:04,25139919,2955055784,261877778,144968056
2026-10-04 14:16:13,25139919,2955055784,261877778,144968056
2026-10-04 14:21:32,34633794,2944465391,261877778,144968056
2026-10-04 14:26:18,37659395,2939510144,261877778,144968056
2026-10-04 14:31:28,37659395,2939510144,261877778,144968056
2026-10-04 14:36:48,39310571,2936778224,261877778,144968056
2026-10-04 14:41:39,40959805,2927317603,261877778,144968056
2026-10-04 14:46:56,68033169,2873784953,261877778,144968056
2026-10-04 14:51:59,68033169,2873784953,261877778,144968056
2026-10-04 14:56:44,68033316,2864121494,261877778,144968056
2026-10-04 15:01:56,68033316,2864121494,261877778,144968056
2026-10-04 15:07:15,68029470,2864119488,261877778,144968056
2026-10-04 15:12:01,119505251,2812639402,261877778,144968056
2026-10-04 15:17:17,119505251,2812639402,261877778,144968056
2026-10-04 15:22:35,119498226,2812639059,261877778,144968056
2026-10-04 15:27:52,119498226,2812639059,261877778,144968056
2026-10-04 15:33:03,126473747,2805658597,261877778,144968056
2026-10-04 15:38:22,126473747,2805658597,261877778,144968056
2026-10-04 15:42:21,126473747,2805658597,261877778,144968056
2026-10-04 15:47:28,100624382,2832510975,261877778,144968056
2026-10-04 15:52:30,101288999,2830841468,261877778,144968056
2026-10-04 15:57:33,101288999,2830841468,261877778,144968056
2026-10-04 16:02:51,188476736,2856077136,149644444,144968056
2026-10-04 16:08:11,188476736,2856077136,149644444,144968056
2026-10-04 16:12:57,189631736,2853912427,149644444,144968056
2026-10-04 16:18:08,189616508,2852923678,149644444,144968056
2026-10-04 16:23:32,189616508,2852923678,149644444,144968056
2026-10-04 16:27:58,189602003,2851928033,149644444,144968056
2026-10-04 16:58:51,181857523,1224492086,37411100,144968012
2026-10-04 17:04:11,181857523,1224492086,37411100,144968012
2026-10-04 17:09:19,181843431,1220005067,37411100,144968012
2026-10-04 17:13:50,181844061,1216430785,37411100,144968012
2026-10-04 17:18:53,181844061,1216430785,37411100,144968012
2026-10-04 17:24:03,181843455,1215419526,37411100,144968012
2026-10-04 17:29:00,181844098,1214408082,37411100,144968012
2026-10-04 17:34:22,181844098,1214408082,37411100,144968012
2026-10-04 17:39:33,181845944,1213393305,37411100,144968012
2026-10-04 17:44:06,181845944,1213393305,37411100,144968012
2026-10-04 17:49:27,9633947,1386127845,37411100,144968012
2026-10-04 17:54:38,9633947,1386127845,37411100,144968012
2026-10-04 18:28:48,3433870,1413655831,37400000,144925000
2026-10-04 18:34:13,3433870,1413655831,37400000,144925000
2026-10-04 18:39:19,3433870,1413655831,37400000,144925000
2026-10-04 18:43:50,1727760,1416891375,37400000,144925000
2026-10-04 18:49:11,1727760,1416891375,37400000,144925000
2026-10-04 18:54:27,1335490,1416703784,37400000,144925000
2026-10-04 18:59:02,383115,1418181563,37400000,144925000
2026-10-04 19:04:03,383115,1418181563,37400000,144925000
2026-10-04 19:09:20,69547,1417383528,37400000,144925000
2026-10-04 19:14:12,15831,1416376714,37400000,144925000
2026-10-04 19:19:15,15831,1416376714,37400000,144925000
2026-10-04 19:24:26,15831,1416376714,37400000,144925000
2026-10-04 19:29:35,58054528,1357370807,37400000,144925000
2026-10-04 19:34:44,58054528,1357370807,37400000,144925000
2026-10-04 19:40:01,58054528,1357370807,37400000,144925000
2026-10-04 19:44:35,1889807,1421493603,37400000,144925000
2026-10-04 19:49:48,1889807,1421493603,37400000,144925000
2026-10-04 19:55:01,6742871,1416044855,37400000,144925000
2026-10-04 20:00:02,6742871,1416044855,37400000,144925000
2026-10-04 20:05:26,226006701,1195849399,37400000,144925000
2026-10-04 20:10:40,226006701,1195849399,37400000,144925000
2026-10-04 20:15:14,632713515,799174610,37400000,144925000
2026-10-04 20:20:15,632713515,799174610,37400000,144925000
2026-10-04 20:25:27,674168846,760213481,37400000,144925000
2026-10-04 20:30:25,703863008,730513866,37400000,144925000
2026-10-04 20:35:51,703863008,730513866,37400000,144925000
2026-10-04 20:41:03,742467968,691901173,37400000,144925000
2026-10-04 20:45:44,742467968,691901173,37400000,144925000
2026-10-04 20:50:49,742467968,691901173,37400000,144925000
2026-10-04 20:56:06,742467968,691901173,37400000,144925000
2026-10-04 21:01:09,742467968,691901173,37400000,144925000
2026-10-04 21:06:18,742467968,691901173,37400000,144925000
2026-10-04 21:11:40,592283466,853419759,37400000,144925000
2026-10-04 21:16:22,592283466,853419759,37400000,144925000
2026-10-04 21:21:29,592283466,853419759,37400000,144925000
2026-10-04 21:26:50,592283466,853419759,37400000,144925000
2026-10-04 21:31:29,592283466,853419759,37400000,144925000
2026-10-04 21:36:38,592283466,853419759,37400000,144925000
2026-10-04 21:41:53,592283466,853419759,37400000,144925000
2026-10-04 21:46:38,592283466,853419759,37400000,144925000
2026-10-04 21:51:50,592283466,853419759,37400000,144925000
2026-10-04 21:57:10,592283466,853419759,37400000,144925000
2026-10-04 22:01:51,592283466,853419759,37400000,144925000
2026-10-04 22:07:04,898556,1459648465,37400000,144925000
2026-10-04 22:12:22,898556,1459648465,37400000,144925000
2026-10-04 22:17:08,898556,1459648465,37400000,144925000
2026-10-04 22:22:20,957410,1467887849,37400000,144925000
2026-10-04 22:27:40,957410,1467887849,37400000,144925000
2026-10-04 22:32:31,957410,1467887849,37400000,144925000
2026-10-04 22:37:40,957410,1467887849,37400000,144925000
2026-10-04 22:42:57,735777211,734487100,37400000,144925000
2026-10-04 22:47:48,735777211,734487100,37400000,144925000
2026-10-04 22:53:01,735777211,734487100,37400000,144925000
2026-10-04 22:58:22,470606253,815640353,224400000,144925000
2026-10-04 23:02:47,470606253,815640353,224400000,144925000
2026-10-04 23:07:59,46730733,1248742143,224400000,144925000
2026-10-04 23:13:01,46730733,1248742143,224400000,144925000
2026-10-04 23:18:11,443572254,851835056,224400000,144925000
2026-10-04 23:23:32,443572254,851835056,224400000,144925000
2026-10-04 23:28:33,604844009,803055984,112200000,144925000
2026-10-04 23:52:41,2604836729,801722413,111600000,144150000
2026-10-04 23:57:56,2717339097,801707385,0,144150000
2026-10-05 00:02:29,2717339097,801707385,0,144150000
2026-10-05 00:07:43,2717339097,801707385,0,144150000
2026-10-05 00:12:57,2704117692,815011165,0,144150000
2026-10-05 00:17:30,2704084593,815001455,0,144150000
2026-10-05 00:22:32,2704084593,815001455,0,144150000
2026-10-05 00:27:39,2690678976,829636634,0,144150000
2026-10-05 00:32:38,2690678976,829636634,0,144150000
2026-10-05 00:37:56,2690678976,829636634,0,144150000
2026-10-05 00:43:11,2690678976,829636634,0,144150000
2026-10-05 00:47:43,2775655787,744417249,0,144150000
2026-10-05 00:53:03,2775655787,744417249,0,144150000
2026-10-05 00:58:18,2903202462,616862217,0,144150000
2026-10-05 01:02:49,2903201840,616848804,0,144150000
2026-10-05 01:08:10,2903201840,616848804,0,144150000
2026-10-05 01:13:20,2880542315,642053286,0,144150000
2026-10-05 01:17:55,2880544230,642035900,0,144150000
2026-10-05 01:22:59,2880544230,642013420,0,144150000
2026-10-05 01:28:11,2881279770,641270288,0,144150000
2026-10-05 01:33:12,2881279770,641270288,0,144150000
2026-10-05 01:38:36,2881279770,641270288,0,144150000
2026-10-05 01:43:47,2818134424,705627181,0,144150000
2026-10-05 01:48:23,2571239002,954243420,0,144150000
2026-10-05 01:53:30,2571239002,954243420,0,144150000
2026-10-05 01:58:40,2429513180,1103637816,0,144150000
2026-10-05 02:03:47,2429513180,1103637816,0,144150000
2026-10-05 02:09:12,2723028968,812834522,0,144150000
2026-10-05 02:14:23,2726228920,809628547,0,144150000
2026-10-05 02:19:02,2726228920,809628547,0,144150000
2026-10-05 02:24:10,2728749400,807097640,0,144150000
2026-10-05 02:29:25,2728749400,807097640,0,144150000
2026-10-05 02:34:06,2599030809,937869745,0,144150000
2026-10-05 02:39:16,2599030809,937869745,0,144150000
2026-10-05 02:44:28,2599030809,937869745,0,144150000
2026-10-05 02:49:09,2139553441,1402947174,0,144150000
2026-10-05 02:54:19,2139553441,1402947174,0,144150000
2026-10-05 02:59:33,2111618758,1431168290,0,144150000
2026-10-05 03:04:13,2111618758,1431168290,0,144150000
2026-10-05 03:09:23,2111606322,1431150354,0,144150000
2026-10-05 03:14:37,2111606322,1431150354,0,144150000
2026-10-05 03:19:41,2111606322,1431063640,0,144150000
2026-10-05 03:24:49,2111606322,1428264202,0,144150000
2026-10-05 03:30:06,2476696737,1061531094,0,144150000
2026-10-05 03:34:22,2476696737,1061531094,0,144150000
2026-10-05 03:39:34,2476696737,1061531094,0,144150000
2026-10-05 03:44:55,2507637574,1030583250,0,144150000
2026-10-05 03:49:39,2702439664,835815822,0,144150000
2026-10-05 03:54:49,2702439664,835815822,0,144150000
2026-10-05 04:00:08,2789616630,750017032,0,144150000
2026-10-05 04:04:55,2790337358,749291931,0,144150000
2026-10-05 04:10:10,2781727338,758857374,0,144150000
2026-10-05 04:15:27,2805157338,735416164,0,144150000
2026-10-05 04:20:09,2805157338,735416164,0,144150000
2026-10-05 04:25:21,2807773673,732727720,0,144150000
2026-10-05 04:30:39,2809421141,731071267,0,144150000
2026-10-05 04:35:23,2809421141,731071267,0,144150000
2026-10-05 04:40:37,2629575529,912824926,0,144150000
2026-10-05 04:45:59,2629575529,912824926,0,144150000
2026-10-05 04:50:44,2561296747,983597475,0,144150000
2026-10-05 04:55:57,2561296747,983597475,0,144150000
2026-10-05 05:01:19,2391879556,1154383930,0,144150000
2026-10-05 05:06:01,2391879556,1154383930,0,144150000
2026-10-05 05:11:15,2391879556,1154383930,0,144150000
2026-10-05 05:16:35,2327022675,1219280409,0,144150000
2026-10-05 05:21:16,2327022675,1219280409,0,144150000
2026-10-05 05:26:30,2188155011,1357942821,0,144150000
2026-10-05 05:31:47,2105970957,1440075587,0,144150000
2026-10-05 05:36:52,2105970957,1440075587,0,144150000
2026-10-05 05:42:06,2100852641,1446256576,0,144150000
2026-10-05 05:47:24,2100852641,1446256576,0,144150000
2026-10-05 05:51:47,2100837712,1446246702,0,144150000
2026-10-05 05:56:57,2656323609,890420955,0,144150000
2026-10-05 06:02:17,2656323609,890420955,0,144150000
2026-10-05 06:06:59,2656323609,890420955,0,144150000
2026-10-05 06:12:11,2359068722,1190876340,0,144150000
2026-10-05 06:17:29,2359068722,1190876340,0,144150000
2026-10-05 06:22:17,2359066957,1190862226,0,144150000
2026-10-05 06:27:29,2359059302,1190858187,0,144150000
2026-10-05 06:32:46,2359059302,1190858187,0,144150000
2026-10-05 06:37:26,2759391173,790521059,0,144150000
2026-10-05 06:42:42,2759391173,790521059,0,144150000
2026-10-05 06:48:00,2759888942,790019518,0,144150000
2026-10-05 06:52:43,2744027016,807647122,0,144150000
2026-10-05 06:57:59,2744027016,807647122,0,144150000
2026-10-05 07:02:59,2744023703,807643989,0,144150000
2026-10-05 07:07:52,2744023703,807643989,0,144150000
2026-10-05 07:13:09,2492079901,800077574,260400000,144150000
2026-10-05 07:18:31,2471101374,821046039,260400000,144150000
2026-10-05 07:22:48,2471101374,821046039,260400000,144150000
2026-10-05 07:28:04,2471101374,821046039,260400000,144150000
2026-10-05 07:33:21,2471101374,821046039,260400000,144150000
2026-10-05 07:38:03,1682500572,1610336718,260400000,144150000
2026-10-05 07:43:13,1682500572,1610336718,260400000,144150000
2026-10-05 07:48:31,1682500572,1610336718,260400000,144150000
2026-10-05 07:53:16,1749088576,1562851381,260400000,144150000
2026-10-05 07:58:25,1749088576,1562851381,260400000,144150000
2026-10-05 08:03:44,2283276771,1134540951,186000000,144150000
2026-10-05 08:08:30,2283276771,1134540951,186000000,144150000
2026-10-05 08:13:43,2236650262,1182245025,186000000,144150000
2026-10-05 08:19:01,2236650262,1182245025,186000000,144150000
2026-10-05 08:23:45,2236650262,1182245025,186000000,144150000
2026-10-05 08:28:55,1583080749,1944161100,111600000,144150000
2026-10-05 08:34:18,1583080749,1944161100,111600000,144150000
2026-10-05 08:38:56,1583080749,1944161100,111600000,144150000
2026-10-05 08:44:06,1060622849,2475550080,111600000,144150000
2026-10-05 08:49:26,1060622849,2475550080,111600000,144150000
2026-10-05 08:54:12,898793957,2475515284,297600000,144150000
2026-10-05 08:59:24,898793957,2475515284,297600000,144150000
2026-10-05 09:25:31,863919577,2522112491,297600000,144150000
2026-10-05 09:30:37,706875632,2681146108,297600000,144150000
2026-10-05 09:35:33,706875632,2681146108,297600000,144150000
2026-10-05 09:40:47,706875632,2681146108,297600000,144150000
2026-10-05 09:45:55,616135582,2783914268,297600000,144150000
2026-10-05 09:50:45,616135582,2783914268,297600000,144150000
2026-10-05 09:56:01,616135582,2783914268,297600000,144150000
2026-10-05 10:01:12,829919900,2686679832,186000000,144150000
2026-10-05 10:06:00,829909804,2686624812,186000000,144150000
2026-10-05 10:11:21,829909804,2686624812,186000000,144150000
2026-10-05 10:16:30,1384053089,2132405765,186000000,144150000
2026-10-05 10:21:03,1384053089,2132405765,186000000,144150000
2026-10-05 10:26:22,1384053089,2132405765,186000000,144150000
2026-10-05 10:31:33,1564563480,1956875899,186000000,144150000
2026-10-05 10:36:04,1564563480,1956875899,186000000,144150000
2026-10-05 10:41:06,1564563480,1956875899,186000000,144150000
2026-10-05 10:46:19,2541165351,989664724,186000000,144150000
2026-10-05 10:51:13,2774589222,868729867,74400000,144150000
2026-10-05 10:56:14,2774589222,868719279,74400000,144150000
2026-10-05 11:01:25,2775344060,868729711,74400000,144150000
2026-10-05 11:06:21,2775344060,868729711,74400000,144150000
2026-10-05 11:11:39,2775343782,868724415,74400000,144150000
2026-10-05 11:16:51,2775343782,868724415,74400000,144150000
2026-10-05 11:21:22,2695289334,949222543,74400000,144150000
2026-10-05 11:26:25,2579533239,1066277425,74400000,144150000
2026-10-05 11:31:36,2579533239,1066277425,74400000,144150000
2026-10-05 11:36:33,2451168427,1195783656,74400000,144150000
2026-10-05 11:41:52,2451168427,1195783656,74400000,144150000
2026-10-05 11:47:06,2451168427,1195783656,74400000,144150000
2026-10-05 11:51:42,2451168427,1195783656,74400000,144150000
2026-10-05 11:56:43,2290039163,1362383088,74400000,144150000
2026-10-05 12:02:00,2290039163,1362383088,74400000,144150000
2026-10-05 12:07:07,2712991267,941433083,74400000,144150000
2026-10-05 12:12:12,2712991267,941433083,74400000,144150000
2026-10-05 12:17:28,2842489783,811925815,74400000,144150000
2026-10-05 12:22:11,2669094074,988118966,74400000,144150000
2026-10-05 12:27:14,2669094074,988118966,74400000,144150000
2026-10-05 12:32:26,2518305998,886573172,332999999,143375000
2026-10-05 12:37:11,2518305998,886573172,332999999,143375000
2026-10-05 12:42:16,2521476863,883394672,332999999,143375000
2026-10-05 12:47:30,2521476863,883394672,332999999,143375000
2026-10-05 12:52:39,2529474918,875384150,332999999,143375000
2026-10-05 12:57:42,2529474918,875384150,332999999,143375000
2026-10-05 13:02:57,2529474918,875384150,332999999,143375000
2026-10-05 13:07:50,2529474918,875384150,332999999,143375000
2026-10-05 13:12:53,1521338241,1904094129,332999999,143375000
2026-10-05 13:18:04,1521338241,1904094129,332999999,143375000
2026-10-05 13:23:08,1534291978,1891113426,332999999,143375000
2026-10-05 13:23:19,1534291978,1891113426,332999999,143375000
2026-10-05 13:28:21,1534291978,1891113426,332999999,143375000
2026-10-05 13:33:24,1305286237,2122216329,332999999,143375000
2026-10-05 13:38:23,1305286237,2122216329,332999999,143375000
2026-10-05 13:43:28,1313993178,2116073839,332999999,143375000
2026-10-05 13:48:49,1313993178,2116073839,332999999,143375000
2026-10-05 13:53:34,1198783394,2232669820,332999999,143375000
2026-10-05 13:58:47,1198783394,2232669820,332999999,143375000
2026-10-05 14:04:06,896865136,2537599672,332999999,143375000
2026-10-05 14:08:52,896865136,2537599672,332999999,143375000
2026-10-05 14:14:00,901021974,2523473523,332999999,143375000
2026-10-05 14:58:42,1431239884,2379766997,335700000,144537500
2026-10-05 15:04:07,1431239884,2379766997,335700000,144537500
2026-10-05 15:09:15,1462589884,2348385274,335700000,144537500
2026-10-05 15:13:53,1462589884,2348385274,335700000,144537500
2026-10-05 15:18:58,1462589884,2348385274,335700000,144537500
2026-10-05 15:24:09,1462589884,2348385274,335700000,144537500
2026-10-05 15:29:03,679245823,3157509061,335700000,144537500
2026-10-05 15:34:21,679245823,3157509061,335700000,144537500
2026-10-05 15:39:22,696397160,3141682719,335700000,144537500
2026-10-05 15:44:19,696397160,3141682719,335700000,144537500
2026-10-05 15:49:23,729466520,3108491769,335700000,144537500
2026-10-05 15:54:33,729466520,3108491769,335700000,144537500
2026-10-05 15:59:34,822211778,3130173188,223800000,144537500
2026-10-05 16:04:37,822211778,3130173188,223800000,144537500
2026-10-05 16:09:54,822207820,3130082713,223800000,144537500
2026-10-05 16:14:52,963578564,2988605303,223800000,144537500
2026-10-05 16:20:00,963578564,2988605303,223800000,144537500
2026-10-05 16:25:16,852471336,3107540882,223800000,144537500
2026-10-05 16:29:53,845511336,3115101024,223800000,144537500
2026-10-05 16:35:15,845511336,3115009230,223800000,144537500
2026-10-05 16:40:32,845511336,3115009230,223800000,144537500
2026-10-05 16:45:09,978691334,3094226956,111900000,144537500
2026-10-05 16:50:33,918691336,3158122384,111900000,144537500
2026-10-05 16:55:45,1095166904,2973090765,111900000,144537500
2026-10-05 17:00:22,1095166904,2973090765,111900000,144537500
2026-10-05 17:05:24,1152087078,2896211087,111900000,144537500
2026-10-05 17:10:33,1152087078,2896211087,111900000,144537500
2026-10-05 17:15:38,1089065170,2954106974,111900000,144537500
2026-10-05 17:20:40,1274985170,2768103689,111900000,144537500
2026-10-05 17:25:55,1274985170,2768103689,111900000,144537500
2026-10-05 17:30:56,1161381198,2889606973,111900000,144537500
2026-10-05 17:36:05,1164257687,2886638340,111900000,144537500
2026-10-05 17:41:22,1164258329,2886561939,111900000,144537500
2026-10-05 17:46:02,1164258329,2886561939,111900000,144537500
2026-10-05 17:51:11,1164258329,2886473780,111900000,144537500
2026-10-05 17:56:26,1164172422,2886461964,111900000,144537500
2026-10-05 18:01:02,1164172422,2886461964,111900000,144537500
2026-10-05 18:06:18,1164172422,2886383352,111900000,144537500
2026-10-05 18:11:32,1164169967,2886341128,111900000,144537500
2026-10-05 18:16:12,1164170022,2886300848,111900000,144537500
2026-10-05 18:21:21,1164170022,2886300848,111900000,144537500
2026-10-05 18:26:41,1164161783,2886258729,111900000,144537500
2026-10-05 18:31:26,1164161783,2886214330,111900000,144537500
2026-10-05 18:54:50,1165559219,2884741514,111900000,144537500
2026-10-05 19:00:02,1164836569,2885425578,111900000,144537500
2026-10-05 19:04:54,1164115677,2886103911,111900000,144537500
2026-10-05 19:10:13,1164115677,2886058432,111900000,144537500
2026-10-05 19:15:25,1164115677,2886058432,111900000,144537500
2026-10-05 19:19:55,1169064564,2881069150,111900000,144537500
2026-10-05 19:25:17,1406095924,2643998152,111900000,144537500
2026-10-05 19:30:26,1406095924,2643998152,111900000,144537500
2026-10-05 19:34:59,1290993284,2765468816,111900000,144537500
2026-10-05 19:40:21,1290993284,2765424655,111900000,144537500
2026-10-05 19:45:34,1290993284,2765424655,111900000,144537500
2026-10-05 19:50:10,1310956629,2745422225,111900000,144537500
2026-10-05 19:55:34,1272693909,2784977061,111900000,144537500
2026-10-05 20:00:43,1272690872,2784937652,111900000,144537500
2026-10-05 20:05:17,1272690872,2784937652,111900000,144537500
2026-10-05 20:10:20,1272690296,2784892998,111900000,144537500
2026-10-05 20:15:33,1272690296,2784849881,111900000,144537500
2026-10-05 20:20:31,1272690296,2784849881,111900000,144537500
2026-10-05 20:25:51,1272666581,2784836547,111900000,144537500
2026-10-05 20:31:09,1272666581,2784836547,111900000,144537500
2026-10-05 20:35:45,1524257172,2544955248,111900000,144537500
2026-10-05 20:40:51,1524257172,2544955248,111900000,144537500
2026-10-05 20:46:05,1524257172,2544955248,111900000,144537500
2026-10-05 20:50:41,1524257172,2544955248,111900000,144537500
2026-10-05 20:55:50,2555922283,1518569444,111900000,144537500
2026-10-05 21:01:06,2555922283,1518569444,111900000,144537500
2026-10-05 21:06:06,2763293266,1311183398,111900000,144537500
2026-10-05 21:11:10,2763293266,1311183398,111900000,144537500
2026-10-05 21:16:28,2806510845,1267952137,111900000,144537500
2026-10-05 21:21:28,2806510845,1267952137,111900000,144537500
2026-10-05 21:26:34,3108998276,965459223,111900000,144537500
2026-10-05 21:31:52,3108998276,965459223,111900000,144537500
2026-10-05 21:36:32,3108998276,965459223,111900000,144537500
2026-10-05 21:41:46,3108983704,965464043,111900000,144537500
2026-10-05 21:47:03,3191201023,883241722,111900000,144537500
2026-10-05 21:51:44,3191201023,883241722,111900000,144537500
2026-10-05 21:56:51,3204163194,870272292,111900000,144537500
2026-10-05 22:02:10,3234584709,839840166,111900000,144537500
2026-10-05 22:06:46,3237874317,836546516,111900000,144537500
2026-10-05 22:11:56,3237874317,836546516,111900000,144537500
2026-10-05 22:17:14,3250840078,823572502,111900000,144537500
2026-10-05 22:22:05,3255780011,818628442,111900000,144537500
2026-10-05 22:27:12,3260897970,813505119,111900000,144537500
2026-10-05 22:32:32,3260897970,813505119,111900000,144537500
2026-10-05 22:37:12,3260897970,813505119,111900000,144537500
2026-10-05 22:42:22,3260897970,813505119,111900000,144537500
2026-10-05 22:47:42,3260897970,813505119,111900000,144537500
2026-10-05 22:52:22,3260897970,813505119,111900000,144537500
2026-10-05 22:57:35,3260897970,813505119,111900000,144537500
2026-10-05 23:02:55,3260897970,813505119,111900000,144537500
2026-10-05 23:07:44,3260897970,813505119,111900000,144537500
2026-10-05 23:13:00,2540073721,1554242481,111900000,144537500
2026-10-05 23:18:18,2540073721,1554242481,111900000,144537500
2026-10-05 23:22:41,2275891776,1936691694,0,144537500
2026-10-05 23:27:54,2275891776,1936691694,0,144537500
2026-10-05 23:32:55,2275891776,1936691694,0,144537500
2026-10-05 23:38:00,1846375375,2382568198,0,144537500
2026-10-05 23:43:13,1846375375,2382568198,0,144537500
2026-10-05 23:48:31,1846375375,2382568198,0,144537500
2026-10-05 23:53:17,2098306753,2137073558,0,144537500
2026-10-05 23:58:36,2098306753,2137073558,0,144537500
2026-10-06 00:03:40,1845223347,2213464725,186500000,167850000
2026-10-06 00:08:30,1845223347,2213464725,186500000,167850000
2026-10-06 00:13:43,1845223347,2213464725,186500000,167850000
2026-10-06 00:18:44,2353305590,1706718344,186500000,167850000
2026-10-06 00:23:36,2353305590,1706718344,186500000,167850000
2026-10-06 00:28:52,2353305590,1706718344,186500000,167850000
2026-10-06 00:33:51,2353305590,1706718344,186500000,167850000
2026-10-06 00:38:41,2353305590,1706718344,186500000,167850000
2026-10-06 00:43:53,3090351336,972527165,186500000,167850000
2026-10-06 00:48:54,3338868055,836497614,74600000,167850000
2026-10-06 00:53:45,3338868055,836497614,74600000,167850000
2026-10-06 00:59:03,3338868055,836497614,74600000,167850000
2026-10-06 01:04:05,3243035063,933506830,74600000,167850000
2026-10-06 01:08:50,3243035063,933506830,74600000,167850000
2026-10-06 01:14:04,3247936334,928343097,74600000,167850000
2026-10-06 01:19:24,3247936334,928343097,74600000,167850000
2026-10-06 01:24:13,3247937443,928320442,74600000,167850000
2026-10-06 01:29:28,3247937443,928320442,74600000,167850000
2026-10-06 01:34:30,3247937443,928320442,74600000,167850000
2026-10-06 01:39:25,2768181984,1418044153,74600000,167850000
2026-10-06 01:44:38,2768181984,1418044153,74600000,167850000
2026-10-06 01:49:40,3155876118,1030990521,74600000,167850000
2026-10-06 01:54:26,3155876118,1030990521,74600000,167850000
2026-10-06 01:59:47,3480642552,706234801,74600000,167850000
2026-10-06 02:04:50,3480642552,706234801,74600000,167850000
2026-10-06 02:09:37,3264724570,924656368,74600000,167850000
2026-10-06 02:14:51,3383128089,806980126,74600000,167850000
2026-10-06 02:19:55,3383128089,806980126,74600000,167850000
2026-10-06 02:24:42,3483878810,706224050,74600000,167850000
2026-10-06 02:29:56,3483875726,706221274,74600000,167850000
2026-10-06 02:35:16,3483875726,706221274,74600000,167850000
2026-10-06 02:40:04,3484607869,705480962,74600000,167850000
2026-10-06 02:45:26,3484607869,705480962,74600000,167850000
2026-10-06 02:50:26,3484607869,705480962,74600000,167850000
2026-10-06 02:55:09,3426609377,765778182,74600000,167850000
2026-10-06 03:00:26,3426609377,765778182,74600000,167850000
2026-10-06 03:05:31,2987209728,945239487,335700000,167850000
2026-10-06 03:10:26,2987209728,945239487,335700000,167850000
2026-10-06 03:15:46,2987209728,945239487,335700000,167850000
2026-10-06 03:20:44,2987209728,945239487,335700000,167850000
2026-10-06 03:54:57,2742679391,1312755355,223200000,167400000
2026-10-06 04:00:03,2742679391,1312755355,223200000,167400000
2026-10-06 04:05:02,2742679391,1312755355,223200000,167400000
2026-10-06 04:10:23,3166397873,1014750729,111600000,167400000
2026-10-06 04:15:34,3166397873,1014750729,111600000,167400000
2026-10-06 04:20:11,3166397873,1014750729,111600000,167400000
2026-10-06 04:25:11,3405484788,776982013,111600000,167400000
2026-10-06 04:30:23,3405484788,776982013,111600000,167400000
2026-10-06 04:35:24,3405484788,776982013,111600000,167400000
2026-10-06 04:40:24,3405484788,776982013,111600000,167400000
2026-10-06 04:45:41,3122597921,1069601646,111600000,167400000
2026-10-06 04:50:35,3122597921,1069601646,111600000,167400000
2026-10-06 04:55:39,3451512793,740880169,111600000,167400000
2026-10-06 05:00:54,3451513606,740872188,111600000,167400000
2026-10-06 05:05:49,3451503162,740877923,111600000,167400000
2026-10-06 05:11:13,3451503162,740867739,111600000,167400000
2026-10-06 05:16:23,3451503162,740857272,111600000,167400000
2026-10-06 05:21:21,3451503707,740850276,111600000,167400000
2026-10-06 05:26:25,3457903707,734441258,111600000,167400000
2026-10-06 05:31:35,3404659587,791325565,111600000,167400000
2026-10-06 05:36:12,3404659587,791315651,111600000,167400000
2026-10-06 05:41:15,3404659587,791315651,111600000,167400000
2026-10-06 05:46:27,3404659587,791315651,111600000,167400000
2026-10-06 05:51:28,3240128054,965641778,111600000,167400000
2026-10-06 05:56:30,3240128054,965641778,111600000,167400000
2026-10-06 06:01:49,3286748846,919012200,111600000,167400000
2026-10-06 06:06:45,3286748846,919012200,111600000,167400000
2026-10-06 06:11:53,3286748846,919012200,111600000,167400000
2026-10-06 06:17:06,3345747940,866059339,111600000,167400000
2026-10-06 06:22:10,3345747940,866059339,111600000,167400000
2026-10-06 06:27:37,3076111445,1139659922,111600000,167400000
2026-10-06 06:32:53,3076111445,1139659922,111600000,167400000
2026-10-06 06:37:14,3076111445,1139659922,111600000,167400000
2026-10-06 06:42:27,3076111445,1139659922,111600000,167400000
2026-10-06 06:47:45,3076111445,1139659922,111600000,167400000
2026-10-06 07:09:15,3354122951,1064968996,111900000,4662500
2026-10-06 07:14:38,3354122951,1064968996,111900000,4662500
2026-10-06 07:19:47,3354122951,1064968996,111900000,4662500
2026-10-06 07:24:20,3354122951,1064968996,111900000,4662500
2026-10-06 07:29:41,3354122951,1064968996,111900000,4662500
2026-10-06 07:34:51,3354122951,1064968996,111900000,4662500
2026-10-06 07:39:41,2319637546,2129908911,111900000,4662500
2026-10-06 07:45:01,2319637546,2129908911,111900000,4662500
2026-10-06 07:50:11,2868469337,1591773271,111900000,4662500
2026-10-06 07:54:46,2868469337,1591773271,111900000,4662500
2026-10-06 08:00:09,2868469337,1591773271,111900000,4662500
2026-10-06 08:05:19,3295969583,1170574882,111900000,4662500
2026-10-06 08:09:48,3295969583,1170574882,111900000,4662500
2026-10-06 08:14:49,3295969583,1170574882,111900000,4662500
2026-10-06 08:20:02,3295969583,1170574882,111900000,4662500
2026-10-06 08:25:00,3295969583,1170574882,111900000,4662500
2026-10-06 08:30:23,3716783561,864391006,0,4662500
2026-10-06 08:35:32,3716783561,864378871,0,4662500
2026-10-06 08:40:08,3716783561,864378871,0,4662500
2026-10-06 08:45:15,3716783561,864378871,0,4662500
2026-10-06 08:50:26,3716783561,864378871,0,4662500
2026-10-06 08:55:28,3716783561,864378871,0,4662500
2026-10-06 09:00:32,3257979707,1337206738,0,4662500
2026-10-06 09:05:50,3257979707,1337206738,0,4662500
2026-10-06 09:10:47,3257979707,1337206738,0,4662500
2026-10-06 09:15:49,3257979707,1337206738,0,4662500
2026-10-06 09:21:00,3257979707,1337206738,0,4662500
2026-10-06 09:26:30,2998045678,1354030291,261026333,4661185
2026-10-06 09:31:37,2998045678,1354030291,261026333,4661185
2026-10-06 09:36:50,2998045678,1354030291,261026333,4661185
2026-10-06 09:41:19,2998045678,1354030291,261026333,4661185
2026-10-06 09:46:26,2548413287,1815090261,261026333,4661185
2026-10-06 09:51:39,2548413287,1815090261,261026333,4661185
2026-10-06 09:56:45,2548413287,1815090261,261026333,4661185
2026-10-06 10:01:46,2548413287,1815090261,261026333,4661185
2026-10-06 10:07:04,2548413287,1815090261,261026333,4661185
2026-10-06 10:11:42,2249887439,2159087530,261026333,4661185
2026-10-06 10:16:48,2249887439,2159087530,261026333,4661185
2026-10-06 10:22:03,2249887439,2159087530,261026333,4661185
2026-10-06 10:26:44,2319792645,2203758351,149157905,4661185
2026-10-06 10:31:55,2319792645,2203758351,149157905,4661185
2026-10-06 10:37:09,2319792645,2203758351,149157905,4661185
2026-10-06 10:41:52,2205686200,2160641054,336600000,4675000
2026-10-06 10:47:01,2205686200,2160641054,336600000,4675000
2026-10-06 10:52:15,1735130322,2647316473,336600000,4675000
2026-10-06 10:56:59,1735130322,2647316473,336600000,4675000
2026-10-06 11:02:10,1746530322,2634882395,336600000,4675000
2026-10-06 11:07:30,1853161862,2527217884,336600000,4675000
2026-10-06 11:12:13,1856361862,2522859464,336600000,4675000
2026-10-06 11:17:23,1856361862,2522859464,336600000,4675000
2026-10-06 11:22:42,1859673688,2518521984,336600000,4675000
2026-10-06 11:27:28,1859712234,2517457711,336600000,4675000
2026-10-06 11:32:38,1859712234,2517457711,336600000,4675000
2026-10-06 11:37:58,1859718625,2514703613,336600000,4675000
2026-10-06 11:42:44,1882709885,2490258235,336600000,4675000
2026-10-06 11:47:48,1882709885,2490258235,336600000,4675000
2026-10-06 11:53:06,1882709885,2490258235,336600000,4675000
2026-10-06 13:09:28,2057088301,2466071628,223736857,4661185
2026-10-06 13:14:28,2057088301,2466071628,223736857,4661185
2026-10-06 13:19:43,2057088301,2466071628,223736857,4661185
2026-10-06 13:24:37,2345965804,2179877342,223736857,4661185
2026-10-06 13:29:40,2409406065,2118988934,223736857,4661185
2026-10-06 13:34:46,2409406065,2118988934,223736857,4661185
2026-10-06 13:39:44,2321282976,2213527567,223736857,4661185
2026-10-06 13:45:03,2321282976,2213527567,223736857,4661185
2026-10-06 13:50:14,2302670070,2222548888,223736857,4661185
2026-10-06 13:54:43,2302671816,2221536941,223736857,4661185
2026-10-06 14:00:06,2302671816,2220525027,223736857,4661185
2026-10-06 14:05:17,2302671816,2220525027,223736857,4661185
2026-10-06 14:09:55,2302671816,2219513796,223736857,4661185
2026-10-06 14:15:19,2302671816,2219513796,223736857,4661185
2026-10-06 14:20:28,2302671816,2219513796,223736857,4661185
2026-10-06 14:25:01,2023454122,2500326795,223736857,4661185
2026-10-06 14:30:20,2023473387,2499293279,223736857,4661185
2026-10-06 14:35:38,2080155657,2441593483,223736857,4661185
2026-10-06 14:40:10,2080155657,2441593483,223736857,4661185
2026-10-06 14:45:29,2107566494,2413165108,223736857,4661185
2026-10-06 14:50:46,2131322054,2389143267,223736857,4661185
2026-10-06 14:55:21,2131306688,2389144761,223736857,4661185
2026-10-06 15:00:43,2131306688,2389144761,223736857,4661185
2026-10-06 15:06:02,2131306688,2389144761,223736857,4661185
2026-10-06 15:10:38,3427357727,1098044681,223736857,4661185
2026-10-06 15:16:02,3427357727,1098044681,223736857,4661185
2026-10-06 15:21:15,3427357727,1098044681,223736857,4661185
2026-10-06 15:25:52,2851234985,2007467400,223736857,4661185
2026-10-06 15:30:58,2851234985,2007467400,223736857,4661185
2026-10-06 15:36:10,3480232177,1378453456,223736857,4661185
2026-10-06 15:41:15,3480232177,1378453456,223736857,4661185
2026-10-06 15:46:40,3480159030,1378033381,223736857,4661185
2026-10-06 15:51:55,3526565726,1331651326,223736857,4661185
2026-10-06 15:56:32,3526565726,1331651326,223736857,4661185
2026-10-06 16:01:38,3526061984,1332142311,223736857,4661185
2026-10-06 16:06:59,3526061984,1332142311,223736857,4661185
2026-10-06 16:11:43,3526061984,1332142311,223736857,4661185
2026-10-06 16:16:49,3360351641,1499345044,223736857,4661185
2026-10-06 16:22:04,3330624313,1643344466,111868429,4661185
2026-10-06 16:26:46,3330624313,1643344466,111868429,4661185
2026-10-06 16:31:57,3330624313,1643344466,111868429,4661185
2026-10-06 16:37:16,3150283847,1825757088,111868429,4661185
2026-10-06 16:41:58,3150283847,1825757088,111868429,4661185
2026-10-06 16:47:08,2597181202,2498900742,0,4661185
2026-10-06 16:52:29,2597181202,2498900742,0,4661185
2026-10-06 16:57:12,2597181202,2498853978,0,4661185
2026-10-06 17:02:21,2597181202,2498853978,0,4661185
2026-10-06 17:07:39,2618871788,2477122567,0,4661185
2026-10-06 17:12:22,2618871788,2477122567,0,4661185
2026-10-06 17:17:34,2755444100,2341430805,0,4661185
2026-10-06 17:22:37,2755444100,2341430805,0,4661185
2026-10-06 17:27:47,3685793581,1412071169,0,4661185
2026-10-06 17:33:04,3685793581,1412071169,0,4661185
2026-10-06 17:38:06,3685793581,1412046925,0,4661185
2026-10-06 17:42:50,3685793581,1411951359,0,4661185
2026-10-06 17:48:01,3685793581,1411951359,0,4661185
2026-10-06 17:53:01,3685764920,1411903931,0,4661185
2026-10-06 17:58:04,3685764920,1411903931,0,4661185
2026-10-06 17:58:15,3685764920,1411903931,0,4661185
2026-10-06 18:03:30,3641909473,1456250371,0,4661185
2026-10-06 18:08:46,3641909473,1456250371,0,4661185
2026-10-06 18:13:35,3641909473,1456234126,0,4661185
2026-10-06 18:18:48,3641909473,1456234126,0,4661185
2026-10-06 18:24:06,3641875338,1456241629,0,4661185
2026-10-06 18:28:53,3641875338,1456241629,0,4661185
2026-10-06 18:34:04,3528893431,1571005156,0,4661185
2026-10-06 18:39:23,3528893431,1571005156,0,4661185
2026-10-06 18:44:07,3528893431,1570871674,0,4661185
2026-10-06 18:49:22,3528893431,1570871674,0,4661185
2026-10-06 18:54:37,3530651289,1569092331,0,4661185
2026-10-06 18:59:21,3647548631,1451754607,0,4661185
2026-10-06 19:04:37,3797357729,1301892900,0,4661185
2026-10-06 19:09:39,3797356485,1299239609,0,4661185
2026-10-06 19:14:26,3797356485,1299239609,0,4661185
2026-10-06 19:19:34,3758694667,1332189046,0,4661185
2026-10-06 19:24:51,3758694667,1326058669,0,4661185
2026-10-06 19:29:38,3758694667,1326058669,0,4661185
2026-10-06 19:34:43,3758680252,1319946603,0,4661185
2026-10-06 19:40:03,3497164669,1313837224,261799999,4675000
2026-10-06 19:44:47,3497164669,1313837224,261799999,4675000
2026-10-06 19:49:54,3497160796,1307716636,261799999,4675000
2026-10-06 19:55:10,3497156789,1301594495,261799999,4675000
2026-10-06 19:59:54,3497156789,1301594495,261799999,4675000
2026-10-06 20:05:09,3359381201,1434419877,261799999,4675000
2026-10-06 20:10:30,3359381201,1434419877,261799999,4675000
2026-10-06 20:15:10,3362581201,1425088362,261799999,4675000
2026-10-06 20:20:24,3362581201,1425088362,261799999,4675000
2026-10-08 21:32:02,1090212254,1167586122,76000000,28500000
2026-10-08 21:37:18,1090212254,1167586122,76000000,28500000
2026-10-08 21:41:57,1024746727,1239462342,76000000,28500000
2026-10-08 21:47:04,1047075957,1213128204,76000000,28500000
2026-10-08 21:52:19,1078974557,1175220392,76000000,28500000
2026-10-08 21:56:58,1078974557,1175215784,76000000,28500000
2026-10-08 22:02:09,1080614277,1173571496,76000000,28500000
2026-10-08 22:07:22,1086326667,1167854538,76000000,28500000
2026-10-08 22:12:03,1095053847,1159122910,76000000,28500000
2026-10-08 22:17:15,1095053847,1159122910,76000000,28500000
2026-10-08 22:22:34,939368173,1316572191,76000000,28500000
2026-10-08 22:27:14,939368173,1316566543,76000000,28500000
2026-10-08 22:32:26,958409473,1297519595,76000000,28500000
2026-10-08 22:37:44,958409473,1297519595,76000000,28500000
2026-10-08 22:42:27,958409473,1297519595,76000000,28500000
2026-10-08 22:47:40,938409473,1319412702,76000000,28500000
2026-10-08 22:52:45,938409473,1319412702,76000000,28500000
2026-10-08 22:57:31,938409473,1319412702,76000000,28500000
2026-10-08 23:02:42,764393721,1304677014,262500000,28125000
2026-10-08 23:08:00,764393721,1304677014,262500000,28125000
2026-10-08 23:12:41,768540136,1300320111,262500000,28125000
2026-10-08 23:17:55,768540136,1300316532,262500000,28125000
2026-10-08 23:23:10,775097536,1293755673,262500000,28125000
2026-10-08 23:27:59,796408696,1272441444,262500000,28125000
2026-10-08 23:33:13,796599109,1272247962,262500000,28125000
2026-10-08 23:38:29,800407369,1268436230,262500000,28125000
2026-10-08 23:43:15,800407369,1268436230,262500000,28125000
2026-10-08 23:48:29,1232896480,1025937204,75000000,28125000
2026-10-08 23:53:29,1232896480,1025932392,75000000,28125000
2026-10-08 23:58:34,1232896480,1025928427,75000000,28125000
2026-10-09 00:03:47,1236174700,1022646601,75000000,28125000
2026-10-09 00:09:08,1236174700,1022642418,75000000,28125000
2026-10-09 00:13:48,1240764040,1018050153,75000000,28125000
2026-10-09 00:19:01,1250598220,1008213228,75000000,28125000
2026-10-09 01:09:30,1877166573,1521274023,0,28500000
2026-10-09 01:14:45,1877166573,1521274023,0,28500000
2026-10-09 01:19:44,1877166573,1521274023,0,28500000
2026-10-09 01:24:58,1947211462,1456585374,0,28500000
2026-10-09 01:30:12,1947211462,1456585374,0,28500000
2026-10-09 01:34:49,1582078694,1638531455,190000000,28500000
2026-10-09 01:40:03,1531008089,1686522298,190000000,28500000
2026-10-09 01:45:16,1533010024,1684315435,190000000,28500000
2026-10-09 01:49:52,1717574301,1499743602,190000000,28500000
2026-10-09 01:55:01,1717574301,1499743602,190000000,28500000
2026-10-09 02:00:19,2122329253,1095672551,190000000,28500000
2026-10-09 02:04:57,2122329253,1095187452,190000000,28500000
2026-10-09 02:10:07,2132515093,1084988275,190000000,28500000
2026-10-09 02:15:22,2171413804,1046079896,190000000,28500000
2026-10-09 02:19:58,2171413804,1046075276,190000000,28500000
2026-10-09 02:25:10,2171413804,1046075276,190000000,28500000
2026-10-09 02:30:24,2203454834,1014024531,190000000,28500000
2026-10-09 02:35:09,2203454834,1014021690,190000000,28500000
2026-10-09 02:40:20,2276169124,941305267,190000000,28500000
2026-10-09 02:45:36,2314003848,903468410,190000000,28500000
2026-10-09 02:50:18,2314003848,903464861,190000000,28500000
2026-10-09 02:55:29,1997349892,1227700507,190000000,28500000
2026-10-09 03:00:45,1997349892,1227700507,190000000,28500000
2026-10-09 03:05:26,1968647355,1269603646,190000000,28500000
2026-10-09 03:10:36,2153209640,1085024498,190000000,28500000
2026-10-09 03:15:56,2153209640,1085009622,190000000,28500000
2026-10-09 03:20:36,2178090890,1060110368,190000000,28500000
2026-10-09 03:31:11,2181029686,1059144830,0,0
2026-10-09 03:35:53,2181029686,1059144830,0,0
2026-10-09 03:40:58,2090751376,1151072942,0,0
2026-10-09 03:46:08,2090751376,1151054433,0,0
2026-10-09 03:51:07,2094030296,1149343711,0,0
2026-10-09 03:56:32,2094030296,1149343711,0,0
2026-10-09 04:01:46,2094030296,1149343711,0,0
2026-10-09 04:06:20,2094030296,1149343711,0,0
2026-10-09 04:11:22,912693602,2372410811,0,0
2026-10-09 04:16:31,912693602,2372410811,0,0
2026-10-09 04:21:29,1029453751,2260553658,0,0
2026-10-09 04:26:57,1036010471,2253957236,0,0
2026-10-09 04:32:07,1036010471,2253907328,0,0
2026-10-09 04:37:02,1036010471,2253907328,0,0
2026-10-09 04:42:11,1576396178,1713489488,0,0
2026-10-09 04:47:24,1710542942,1707306464,0,0
2026-10-09 04:51:56,1710542942,1707306464,0,0
2026-10-09 04:56:57,1710542942,1707306464,0,0
2026-10-09 05:02:06,1606331367,1843814328,0,0
2026-10-09 05:07:05,1606331367,1843814328,0,0
2026-10-09 05:12:10,1606331367,1843814328,0,0
2026-10-09 05:17:25,1280496189,2184181337,0,0
2026-10-09 05:22:21,1280496189,2184181337,0,0
2026-10-09 05:27:25,1295080263,2169528815,0,0
2026-10-09 05:32:35,1295080263,2169471609,0,0
2026-10-09 05:37:37,1295080263,2169421785,0,0
2026-10-09 05:43:02,1295080263,2169421785,0,0
2026-10-09 05:48:13,1295080263,2169362022,0,0
2026-10-09 05:52:49,1296063291,2158388982,0,0
