2026-10-03 23:09:32,2115431450,1723059701,75000000,7031250
2026-10-04 02:01:37,1655039,2041901678,75000000,34687500
2026-10-04 02:06:38,1655039,2041901678,75000000,34687500
2026-10-04 02:11:56,159066300,1889135862,75000000,34687500
2026-10-04 02:58:05,8923953,2076306466,75000000,33281250
2026-10-04 03:03:18,121432207,1964881786,75000000,33281250
2026-10-04 03:07:53,34112640,2055803726,75000000,33281250
2026-10-04 03:13:10,34112640,2053653066,75000000,33281250
2026-10-04 03:18:24,61761611,2023860106,75000000,33281250
2026-10-04 03:22:56,61761611,2021725454,75000000,33281250
2026-10-04 03:33:20,26676551,2056443756,75000000,33281250
2026-10-04 03:38:14,26676551,2056443756,75000000,33281250
2026-10-04 03:43:30,11631818,2072215530,75000000,33281250
2026-10-04 03:48:43,75489117,2001326364,75000000,33281250
2026-10-04 03:53:15,75489117,2001326364,75000000,33281250
2026-10-04 03:58:31,1495371,2073022561,75000000,33281250
2026-10-04 04:03:43,1495371,2062220740,75000000,33281250
2026-10-04 04:08:15,58920077,2004794187,75000000,33281250
2026-10-04 04:13:31,61230077,2002482340,75000000,33281250
2026-10-04 04:28:02,26087939,2039384301,75000000,33281250
2026-10-04 04:33:18,26087939,2039384301,75000000,33281250
2026-10-04 04:38:31,7590725,2058199352,75000000,33281250
2026-10-04 04:43:04,7590725,2058199352,75000000,33281250
2026-10-04 04:48:21,18889865,2046898188,75000000,33281250
2026-10-04 04:53:33,113750754,1952036498,75000000,33281250
2026-10-04 04:58:05,27569154,2045896244,75000000,33281250
2026-10-04 05:03:21,28724154,2044706756,75000000,33281250
2026-10-04 05:08:34,32024154,2041403204,75000000,33281250
2026-10-04 05:13:06,35324154,2038099016,75000000,33281250
2026-10-04 05:18:22,1277054,2073405305,75000000,33281250
2026-10-04 05:23:35,64140470,2010538713,75000000,33281250
2026-10-04 05:28:09,103068270,1971609633,75000000,33281250
2026-10-04 05:33:26,122531870,1952144905,75000000,33281250
2026-10-04 05:38:39,122531870,1952143690,75000000,33281250
2026-10-04 05:43:11,122531870,1951812574,75000000,33281250
2026-10-04 05:48:28,122531870,1951782076,75000000,33281250
2026-10-04 05:53:40,122531870,1951779671,75000000,33281250
2026-10-04 05:58:13,167731535,1906578862,75000000,33281250
2026-10-04 06:03:29,171635407,1902674238,75000000,33281250
2026-10-04 06:08:42,171635407,1901819568,75000000,33281250
2026-10-04 06:13:16,171635407,1901818452,75000000,33281250
2026-10-04 06:18:33,171635407,1901817336,75000000,33281250
2026-10-04 06:23:45,164038685,1910111795,75000000,33281250
2026-10-04 06:28:20,164038685,1910111795,75000000,33281250
2026-10-04 06:33:38,171031493,1902935516,75000000,33281250
2026-10-04 06:38:51,171031493,1902935516,75000000,33281250
2026-10-04 07:09:54,82866408,1995106290,75000000,33281250
2026-10-04 07:15:07,82866408,1995103018,75000000,33281250
2026-10-04 07:19:39,84186408,1993779680,75000000,33281250
2026-10-04 07:24:55,119331408,1958632319,75000000,33281250
2026-10-04 07:30:08,202414351,1877686365,75000000,33281250
2026-10-04 07:34:40,237243634,1842857082,75000000,33281250
2026-10-04 07:39:56,242083135,1838017422,75000000,33281250
2026-10-04 07:45:09,4998691,2104929530,75000000,33281250
2026-10-04 07:49:44,133863691,1976063027,75000000,33281250
2026-10-04 07:55:00,83787022,2028035522,75000000,33281250
2026-10-04 08:00:13,83787022,2028033017,75000000,33281250
2026-10-04 08:04:45,139943522,1971874913,75000000,33281250
2026-10-04 08:10:01,258602922,1866640490,75000000,33281250
2026-10-04 08:30:36,333892249,1789815538,74200000,32926250
2026-10-04 08:35:49,343792249,1778653587,74200000,32926250
2026-10-04 08:40:23,348742249,1772440445,74200000,32926250
2026-10-04 08:45:39,469027249,1650967006,74200000,32926250
2026-10-04 08:50:51,819322249,1300667606,74200000,32926250
2026-10-04 08:55:24,787490749,1333663756,74200000,32926250
2026-10-04 14:11:28,74313,1281121395,74822222,10288056
2026-10-04 14:16:44,1724313,1279448646,74822222,10288056
2026-10-04 14:21:57,1724313,1276599998,74822222,10288056
2026-10-04 14:26:32,2549313,1275737876,74822222,10288056
2026-10-04 14:44:19,9239391,1254223360,74822200,10288052
2026-10-04 14:49:35,12539391,1244082645,74822200,10288052
2026-10-04 14:54:48,20789391,1235832645,74822200,10288052
2026-10-04 14:59:20,36719595,1222137645,74822200,10288052
2026-10-04 15:04:36,1295274,1258602645,74822200,10288052
2026-10-04 15:09:49,1295274,1258602645,74822200,10288052
2026-10-04 15:14:23,1295274,1258602645,74822200,10288052
2026-10-04 15:19:40,1562759,1264312025,74822200,10288052
2026-10-04 15:24:53,8324481,1258799108,74822200,10288052
2026-10-04 15:29:26,154072,1267260101,74822200,10288052
2026-10-04 15:34:27,154072,1267260101,74822200,10288052
2026-10-04 15:39:41,345171,1267069002,74822200,10288052
2026-10-04 15:44:35,1511857,1265914002,74822200,10288052
2026-10-04 16:01:39,313476,1151200832,74822200,10288052
2026-10-04 16:01:41,313476,1151200832,74822200,10288052
2026-10-04 16:06:57,313476,1139040823,74822200,10288052
2026-10-04 16:12:11,313476,1127093605,74822200,10288052
2026-10-04 16:16:44,313476,1127093605,74822200,10288052
2026-10-04 16:22:00,2837701,1124569368,74822200,10288052
2026-10-04 16:27:14,91010353,1037009356,74822200,10288052
2026-10-04 16:31:48,26387555,1104019020,74822200,10288052
2026-10-04 16:37:05,26387555,1104019008,74822200,10288052
2026-10-04 16:42:18,26387555,1104018984,74822200,10288052
2026-10-04 16:46:51,32987555,1097418972,74822200,10288052
2026-10-04 16:52:07,32987555,1097418948,74822200,10288052
2026-10-04 16:57:20,427692597,846756178,74822200,10288052
2026-10-04 17:01:56,570692597,703755986,74822200,10288052
2026-10-04 17:07:12,571682597,702765606,74822200,10288052
2026-10-04 17:12:27,571682597,702765270,74822200,10288052
2026-10-04 17:16:59,570032304,705492554,74822200,10288052
2026-10-04 17:22:16,570032304,705492174,74822200,10288052
2026-10-04 17:27:30,570032304,705492026,74822200,10288052
2026-10-04 17:32:04,570032304,705491594,74822200,10288052
2026-10-04 17:37:21,410966004,651866342,74822200,10288052
2026-10-04 17:42:35,410966004,651866342,74822200,10288052
2026-10-04 17:47:11,410966004,651866342,74822200,10288052
2026-10-04 17:52:29,410966004,651866342,74822200,10288052
2026-10-04 17:57:44,410966004,651866342,74822200,10288052
2026-10-04 18:02:16,410966004,651866342,74822200,10288052
2026-10-04 18:07:34,410966004,651866342,74822200,10288052
2026-10-04 18:12:48,410966004,651866342,74822200,10288052
2026-10-04 18:17:25,410966004,651866342,74822200,10288052
2026-10-04 18:22:42,410966004,651866342,74822200,10288052
2026-10-04 18:27:56,410966004,651866342,74822200,10288052
2026-10-04 18:32:31,410966004,651866342,74822200,10288052
2026-10-04 18:37:51,410966004,651866342,74822200,10288052
2026-10-04 18:43:06,410966004,651866342,74822200,10288052
2026-10-04 18:47:40,410966004,651866342,74822200,10288052
2026-10-04 18:52:58,410966004,651866342,74822200,10288052
2026-10-04 18:58:13,410966004,651866342,74822200,10288052
2026-10-04 19:02:49,410966004,651866342,74822200,10288052
2026-10-04 19:08:07,410966004,651866342,74822200,10288052
2026-10-04 19:13:23,410966004,651866342,74822200,10288052
2026-10-04 20:04:19,917034429,47312168,74800000,10285000
2026-10-04 20:09:32,917034429,47311832,74800000,10285000
2026-10-04 20:14:05,781525020,47311814,74800000,10285000
2026-10-04 20:19:21,781525020,47311814,74800000,10285000
2026-10-04 20:24:34,781525020,47311814,74800000,10285000
2026-10-04 20:29:06,781525020,47311814,74800000,10285000
2026-10-04 20:34:23,781525020,47311814,74800000,10285000
2026-10-04 20:39:37,781525020,47311814,74800000,10285000
2026-10-04 20:44:12,781525020,47311814,74800000,10285000
2026-10-04 20:49:28,781525020,47311814,74800000,10285000
2026-10-04 20:54:42,781525020,47311814,74800000,10285000
2026-10-04 22:05:55,792636,1198903248,74800000,5610000
2026-10-04 22:11:11,792636,1198903248,74800000,5610000
2026-10-04 22:16:06,792636,1198903248,74800000,5610000
2026-10-04 22:21:24,792636,1198903248,74800000,5610000
2026-10-04 22:26:41,14253786,1203443143,74800000,5610000
2026-10-04 22:31:19,94661,1007235247,74800000,5610000
2026-10-04 22:36:37,596381604,633560254,74800000,5610000
2026-10-04 22:41:52,1067247913,163465482,74800000,5610000
2026-10-04 22:46:27,1067247913,163465482,74800000,5610000
2026-10-04 22:51:45,1067247913,163465482,74800000,5610000
2026-10-04 22:57:01,1044365501,194506841,74800000,5610000
2026-10-04 23:01:36,1044365501,194505845,74800000,5610000
2026-10-04 23:06:37,972800235,267677794,74800000,5610000
2026-10-04 23:11:52,916250965,327542252,74800000,5610000
2026-10-04 23:16:49,872698379,371885701,74800000,5610000
2026-10-04 23:22:08,1134341231,110240347,74800000,5610000
2026-10-04 23:27:23,1134845511,109734277,74800000,5610000
2026-10-04 23:31:58,1134845511,109733382,74800000,5610000
2026-10-04 23:44:41,2014314248,162990507,74400000,5580000
2026-10-04 23:49:54,2014314248,162988694,74400000,5580000
2026-10-05 00:41:36,2144662223,113446301,74400000,34410000
2026-10-05 00:46:53,2159788403,98320028,74400000,34410000
2026-10-05 00:52:05,2159788403,98319623,74400000,34410000
2026-10-05 00:56:40,2212924186,45183738,74400000,34410000
2026-10-05 01:01:56,2200688893,58796061,74400000,34410000
2026-10-05 01:07:10,2200688893,58795359,74400000,34410000
2026-10-05 01:11:42,2200688893,58794813,74400000,34410000
2026-10-05 01:16:58,2200688893,58793955,74400000,34410000
2026-10-05 01:22:10,2200688893,58793409,74400000,34410000
2026-10-05 01:26:43,2200688893,58792551,74400000,34410000
2026-10-05 01:31:59,2200688893,58792005,74400000,34410000
2026-10-05 01:37:14,2002585351,260797132,74400000,34410000
2026-10-05 01:41:49,2002585351,260796352,74400000,34410000
2026-10-05 01:47:06,1989345457,274113033,74400000,34410000
2026-10-05 01:52:19,2014046891,249409503,74400000,34410000
2026-10-05 01:56:52,2014046891,249407641,74400000,34410000
2026-10-05 02:02:08,2216045505,47407481,74400000,34410000
2026-10-05 02:07:24,2216045505,47407481,74400000,34410000
2026-10-05 02:13:16,2216045505,47407793,74400000,34410000
2026-10-05 02:18:34,2229364604,34088491,74400000,34410000
2026-10-05 02:23:48,2229364604,34088491,74400000,34410000
2026-10-05 02:28:19,1471095647,802276103,74400000,34410000
2026-10-05 02:33:37,1471095647,802264771,74400000,34410000
2026-10-05 02:38:51,1471095647,802253990,74400000,34410000
2026-10-05 02:43:26,1471095647,802247771,74400000,34410000
2026-10-05 02:48:43,1337578899,937360425,74400000,34410000
2026-10-05 02:53:57,1085725104,1192100858,74400000,34410000
2026-10-05 02:58:33,1085725104,1192089816,74400000,34410000
2026-10-05 03:03:51,1258510235,1019286486,74400000,34410000
2026-10-05 03:09:05,1258510235,1019268967,74400000,34410000
2026-10-05 03:13:38,1258510235,1019173630,74400000,34410000
2026-10-05 03:18:57,1258510235,1019149939,74400000,34410000
2026-10-05 03:24:12,1258510235,1013121964,74400000,34410000
2026-10-05 03:28:45,1670791890,600840072,74400000,34410000
2026-10-05 03:34:05,1670791890,600838741,74400000,34410000
2026-10-05 03:39:21,1689943814,581686223,74400000,34410000
2026-10-05 03:43:56,1689943814,581685123,74400000,34410000
2026-10-05 03:49:13,2218282639,53345572,74400000,34410000
2026-10-05 03:59:07,2145906393,128104645,74400000,34410000
2026-10-05 04:04:24,2145906393,128103758,74400000,34410000
2026-10-05 04:09:39,2117605887,156693009,74400000,34410000
2026-10-05 04:14:15,2146196201,128102186,74400000,34410000
2026-10-05 04:19:32,2234166177,40131841,74400000,34410000
2026-10-05 04:24:45,2234166177,40131390,74400000,34410000
2026-10-05 04:29:18,2234166177,40131021,74400000,34410000
2026-10-05 04:34:36,2234166177,40130529,74400000,34410000
2026-10-05 04:39:50,2234166177,40130104,74400000,34410000
2026-10-05 04:44:25,2234166177,40129832,74400000,34410000
2026-10-05 04:49:45,1954057583,322604169,74400000,34410000
2026-10-05 04:54:59,1914935512,362013958,74400000,34410000
2026-10-05 04:59:33,1914935512,362011684,74400000,34410000
2026-10-05 05:04:51,1853147422,424392828,74400000,34410000
2026-10-05 05:10:05,1853147422,424392828,74400000,34410000
2026-10-05 05:14:39,1584240800,695414272,74400000,34410000
2026-10-05 05:19:56,1584240800,695407807,74400000,34410000
2026-10-05 05:25:12,1639393974,640532599,74400000,34410000
2026-10-05 05:29:47,1579649595,705460417,74400000,34410000
2026-10-05 05:35:05,1421773981,864477807,74400000,34410000
2026-10-05 05:40:19,1799240268,487595526,74400000,34410000
2026-10-05 05:44:53,1799240268,487586702,74400000,34410000
2026-10-05 05:50:11,1799240268,487579456,74400000,34410000
2026-10-05 05:55:26,2169246780,116373775,74400000,34410000
2026-10-05 05:59:59,2169246780,116373529,74400000,34410000
2026-10-05 06:05:18,2169246780,116373283,74400000,34410000
2026-10-05 06:10:33,1670662545,619033706,74400000,34410000
2026-10-05 06:15:09,1657685690,632083985,74400000,34410000
2026-10-05 06:20:28,1657685690,632078415,74400000,34410000
2026-10-05 06:25:43,1660985690,628770633,74400000,34410000
2026-10-05 06:30:16,1841572690,448180932,74400000,34410000
2026-10-05 06:35:17,1841572690,448178817,74400000,34410000
2026-10-05 06:40:31,2163578555,126172593,74400000,34410000
2026-10-05 06:45:26,2164073555,125677090,74400000,34410000
2026-10-05 06:50:44,2164073555,125676561,74400000,34410000
2026-10-05 06:55:58,2167373555,122375976,74400000,34410000
2026-10-05 07:00:35,2167373555,122375745,74400000,34410000
2026-10-05 07:05:52,2167373555,122375745,74400000,34410000
2026-10-05 07:11:06,2070258327,222290022,74400000,34410000
2026-10-05 10:08:18,1708333,2089746382,74400000,0
2026-10-05 10:13:32,549368413,1542052969,74400000,0
2026-10-05 10:18:05,420653413,1532315629,74400000,0
2026-10-05 10:28:19,1140717089,956304771,74800000,0
2026-10-05 10:33:14,1946225255,167627528,74800000,0
2026-10-05 10:38:32,1951175255,162675741,74800000,0
2026-10-05 10:43:45,1964375255,149472777,74800000,0
2026-10-05 10:48:17,1964375255,149471077,74800000,0
2026-10-05 10:53:33,1964375255,149467837,74800000,0
2026-10-05 10:58:46,1965423295,149466137,74800000,0
2026-10-05 11:03:21,1965423295,149464132,74800000,0
2026-10-05 11:08:37,1965423295,149461168,74800000,0
2026-10-05 11:13:51,1965423295,146075266,74800000,0
2026-10-05 11:18:25,1923911562,191892217,74800000,0
2026-10-05 11:23:43,1816434286,306785795,74800000,0
2026-10-05 11:28:57,1589723582,535610094,74800000,0
2026-10-05 11:33:30,1589723582,535606017,74800000,0
2026-10-05 11:38:47,1693701848,434466157,74800000,0
2026-10-05 11:44:00,1882517728,250134527,74800000,0
2026-10-05 11:58:00,1822148105,314888979,74800000,0
2026-10-05 12:03:14,1942353442,206084086,74800000,0
2026-10-05 12:07:49,2035173953,113262897,74800000,0
2026-10-05 12:13:06,2067366320,78941040,74800000,0
2026-10-05 12:18:20,1813430492,344078364,74800000,0
2026-10-05 12:22:52,1884704650,272802979,74800000,0
2026-10-05 12:28:09,1885183314,272319831,74800000,0
2026-10-05 12:33:23,1885183314,272318206,74800000,0
2026-10-05 12:37:56,1885183314,272318206,74800000,0
2026-10-05 12:43:14,1872359267,287323854,74800000,0
2026-10-05 12:48:27,1937404051,222528064,74800000,0
2026-10-05 15:07:10,1427180811,2214339931,73800000,21678750
2026-10-05 15:12:28,1427180811,2214339931,73800000,21678750
2026-10-05 15:17:42,1161053053,2267471762,73800000,21678750
2026-10-05 15:22:15,1161053053,2267471762,73800000,21678750
2026-10-05 15:27:31,1161053053,2267471762,73800000,21678750
2026-10-05 15:32:43,515637195,2941821820,73800000,21678750
2026-10-05 15:37:17,515637195,2941821820,73800000,21678750
2026-10-05 15:42:34,880525784,2588064664,73800000,21678750
2026-10-05 15:47:48,880525784,2588021495,73800000,21678750
2026-10-05 15:52:23,880525784,2587961553,73800000,21678750
2026-10-05 15:57:40,880525784,2587918941,73800000,21678750
2026-10-05 16:02:53,880525784,2587856363,73800000,21678750
2026-10-05 16:07:26,985765784,2482561940,73800000,21678750
2026-10-05 16:12:42,989594512,2478678472,73800000,21678750
2026-10-05 16:17:55,1094884077,2373333580,73800000,21678750
2026-10-05 16:22:28,916162577,2564715155,73800000,21678750
2026-10-05 16:27:45,916162577,2564650387,73800000,21678750
2026-10-05 16:32:57,917812577,2562898883,73800000,21678750
2026-10-05 16:37:32,917812577,2562837179,73800000,21678750
2026-10-05 16:42:48,917812577,2562790325,73800000,21678750
2026-10-05 16:48:01,743703647,2741425419,73800000,21678750
2026-10-05 16:52:34,962141538,2525147634,73800000,21678750
2026-10-05 16:57:50,962141538,2525147634,73800000,21678750
2026-10-05 17:03:03,962141538,2525147634,73800000,21678750
2026-10-05 17:07:37,886822409,2577728793,73800000,21678750
2026-10-05 17:12:54,886822409,2577679407,73800000,21678750
2026-10-05 17:18:08,1047603691,2416858561,73800000,21678750
2026-10-05 17:22:42,1047603691,2416807665,73800000,21678750
2026-10-05 17:27:58,1047603691,2416725533,73800000,21678750
2026-10-05 17:33:12,1047603691,2416690669,73800000,21678750
2026-10-05 17:37:45,1062618691,2401627450,73800000,21678750
2026-10-05 17:43:02,1008712434,2460000798,73800000,21678750
2026-10-05 17:48:15,1008712434,2459904806,73800000,21678750
2026-10-05 17:52:48,1008712434,2459869847,73800000,21678750
2026-10-05 23:51:04,2449947492,1115227077,74600000,34502500
2026-10-05 23:56:17,1946359542,1622671419,74600000,34502500
2026-10-06 00:01:13,1946359542,1622638093,74600000,34502500
2026-10-06 00:06:30,1946359542,1622616549,74600000,34502500
2026-10-06 00:11:46,1946359542,1622616549,74600000,34502500
2026-10-06 00:16:20,1953679214,1620390881,74600000,34502500
2026-10-06 00:21:37,2758659809,816750013,74600000,34502500
2026-10-06 00:26:52,2829401938,746707641,74600000,34502500
2026-10-06 00:31:25,3237639525,338553723,74600000,34502500
2026-10-06 00:36:44,3237639525,338553723,74600000,34502500
2026-10-06 00:41:57,2782771386,799676342,74600000,34502500
2026-10-06 00:46:33,2769498986,812936894,74600000,34502500
2026-10-06 00:51:51,2769498986,812930291,74600000,34502500
2026-10-06 00:57:06,2364142896,1223281539,74600000,34502500
2026-10-06 01:01:40,2364142896,1223264207,74600000,34502500
2026-10-06 01:06:57,2364142896,1222894495,74600000,34502500
2026-10-06 01:12:12,2377837896,1209170939,74600000,34502500
2026-10-06 01:16:44,2392724735,1194274228,74600000,34502500
2026-10-06 01:22:02,2392724735,1194260950,74600000,34502500
2026-10-06 01:27:16,2392724735,1194245874,74600000,34502500
2026-10-06 01:31:51,2210915642,1377334685,74600000,34502500
2026-10-06 01:37:08,2776179075,818167542,74600000,34502500
2026-10-06 01:42:22,2929824414,664512694,74600000,34502500
2026-10-06 01:46:56,3377719071,216698936,74600000,34502500
2026-10-06 01:52:13,3377719071,216697784,74600000,34502500
2026-10-06 01:57:27,3384319071,210096444,74600000,34502500
2026-10-06 02:02:02,3369097420,227265929,74600000,34502500
2026-10-06 02:07:19,3269677402,328054463,74600000,34502500
2026-10-06 02:12:33,3441771531,155957296,74600000,34502500
2026-10-06 02:17:10,3441771531,155957296,74600000,34502500
2026-10-06 02:22:28,3443405094,155955126,74600000,34502500
2026-10-06 02:27:41,3443405094,155951871,74600000,34502500
2026-10-06 02:32:15,3443405094,155949701,74600000,34502500
2026-10-06 02:37:33,3443405094,155949701,74600000,34502500
2026-10-06 02:42:48,3236544969,365548066,74600000,34502500
2026-10-06 02:47:22,3055342191,548670404,74600000,34502500
2026-10-06 02:52:41,3240116252,363893033,74600000,34502500
2026-10-06 02:57:56,3241146241,363891595,74600000,34502500
2026-10-06 03:02:31,3074695981,531567333,74600000,34502500
2026-10-06 03:07:49,3004044101,602879062,74600000,34502500
2026-10-06 03:13:03,3004044101,602875157,74600000,34502500
2026-10-06 03:17:37,3004044101,602875157,74600000,34502500
2026-10-06 03:22:56,2419985013,1193577759,74600000,34502500
2026-10-06 03:28:09,2419985013,1193565511,74600000,34502500
2026-10-06 03:32:44,2419985013,1193553463,74600000,34502500
2026-10-06 03:38:03,2913835210,699696254,74600000,34502500
2026-10-06 03:43:19,2913835210,699696254,74600000,34502500
2026-10-06 03:47:57,3217956617,398380974,74600000,34502500
2026-10-06 03:53:15,3429239619,188017966,74600000,34502500
2026-10-06 03:58:30,3501117547,125327479,74600000,34502500
2026-10-06 04:03:06,3501117547,125327479,74600000,34502500
2026-10-06 04:08:25,3501117547,125327479,74600000,34502500
2026-10-06 04:13:41,3501117547,125327479,74600000,34502500
2026-10-06 04:18:16,2805249147,852923545,74600000,34502500
2026-10-06 04:23:36,2842866750,815404493,74600000,34502500
2026-10-06 04:28:50,2829726199,828633718,74600000,34502500
2026-10-06 04:33:28,2829726199,828633718,74600000,34502500
2026-10-06 04:38:48,3129828621,536656179,74600000,34502500
2026-10-06 04:44:06,3578728525,87857260,74600000,34502500
2026-10-06 04:48:40,3605205713,61380000,74600000,34502500
2026-10-06 04:53:58,3605205713,61380000,74600000,34502500
2026-10-06 04:59:12,3605205713,61380000,74600000,34502500
2026-10-06 05:03:47,3605205713,61380000,74600000,34502500
2026-10-06 05:09:05,3601705713,72243832,74600000,34502500
2026-10-06 05:14:21,3595780713,79706960,74600000,34502500
2026-10-06 05:18:55,3595780713,79706138,74600000,34502500
2026-10-06 05:24:12,3595780713,79705316,74600000,34502500
2026-10-06 05:29:26,3641980713,33504768,74600000,34502500
2026-10-06 05:34:00,3612083599,66009220,74600000,34502500
2026-10-06 05:39:20,3612083599,66008946,74600000,34502500
2026-10-06 05:44:34,3612083599,66008946,74600000,34502500
2026-10-06 05:49:07,3390071527,304295639,74600000,34502500
2026-10-06 05:54:26,3520246884,174119146,74600000,34502500
2026-10-06 05:59:42,3520246884,174118304,74600000,34502500
2026-10-06 06:04:17,3520246884,174118304,74600000,34502500
2026-10-06 06:09:37,3520246884,174118304,74600000,34502500
2026-10-06 06:14:52,3520246884,174118304,74600000,34502500
2026-10-06 06:19:27,3253742823,454243215,74600000,34502500
2026-10-06 06:24:44,3682248796,25737014,74600000,34502500
2026-10-06 06:29:59,3480638730,229963846,74600000,34502500
2026-10-06 06:34:34,3480638730,229963846,74600000,34502500
2026-10-06 06:39:52,3187256220,532548534,74600000,34502500
2026-10-06 06:45:07,3357975310,362652955,74600000,34502500
2026-10-06 06:49:43,3357975310,362652955,74600000,34502500
2026-10-06 06:55:01,3540640942,183934309,74600000,34502500
2026-10-06 07:00:15,3602420925,122154530,74600000,34502500
2026-10-06 07:04:50,3602420925,122154530,74600000,34502500
2026-10-06 07:10:08,3602420925,122154530,74600000,34502500
2026-10-06 07:15:22,2745314620,991478357,74600000,34502500
2026-10-06 07:19:56,2578288517,1162881988,74600000,34502500
2026-10-06 07:25:13,2269764747,1480654628,74600000,34502500
2026-10-06 08:03:04,2654127208,1141177089,74600000,9791250
2026-10-06 08:08:17,3484133904,313033468,74600000,9791250
2026-10-06 08:12:52,3484133904,313033468,74600000,9791250
2026-10-06 08:18:09,3440765461,358462888,74600000,9791250
2026-10-06 08:23:22,3448524501,350700342,74600000,9791250
2026-10-06 08:27:56,3450174501,349048167,74600000,9791250
2026-10-06 08:33:14,3450174501,349048167,74600000,9791250
2026-10-06 08:38:27,3010451508,794685612,74600000,9791250
2026-10-06 08:43:00,3030251508,774874387,74600000,9791250
2026-10-06 08:48:17,3434507037,370615083,74600000,9791250
2026-10-06 08:53:31,3374020010,434049282,74600000,9791250
2026-10-06 08:58:04,3528907951,280140084,74600000,9791250
2026-10-06 09:03:22,3410276665,404894760,74600000,9791250
2026-10-06 09:08:36,3348888336,468369783,74600000,9791250
2026-10-06 09:13:13,3348888336,468369783,74600000,9791250
2026-10-06 09:18:30,3246336423,583672362,74600000,9791250
2026-10-06 09:23:44,3163381033,667494313,74600000,9791250
2026-10-06 09:28:19,3163381033,667494313,74600000,9791250
2026-10-06 09:33:38,2853686514,984643447,74600000,9791250
2026-10-06 09:38:53,2853686514,984643447,74600000,9791250
2026-10-06 09:43:27,2697762264,1143080714,74600000,9791250
2026-10-06 09:48:46,2747374591,869539077,74600000,9791250
2026-10-06 09:54:00,2747374591,869539077,74600000,9791250
2026-10-06 09:58:37,2747374591,869539077,74600000,9791250
2026-10-06 10:03:55,2747374591,869539077,74600000,9791250
2026-10-06 10:09:12,2747374591,869539077,74600000,9791250
2026-10-06 10:13:47,2747374591,869539077,74600000,9791250
2026-10-06 10:19:06,2747374591,869539077,74600000,9791250
2026-10-06 10:24:19,2747374591,869539077,74600000,9791250
2026-10-06 10:28:54,2747374591,869539077,74600000,9791250
2026-10-06 10:34:12,2747374591,869539077,74600000,9791250
2026-10-06 10:39:26,2747374591,869539077,74600000,9791250
2026-10-06 10:44:02,2747374591,869539077,74600000,9791250
2026-10-06 10:49:20,2747374591,869539077,74600000,9791250
2026-10-06 10:54:36,2747374591,869539077,74600000,9791250
2026-10-06 10:59:12,2747374591,869539077,74600000,9791250
2026-10-06 11:04:31,2747374591,869539077,74600000,9791250
2026-10-06 11:09:47,2747374591,869539077,74600000,9791250
2026-10-06 11:14:21,2747374591,869539077,74600000,9791250
2026-10-06 11:19:40,2747374591,869539077,74600000,9791250
2026-10-06 11:24:55,2747374591,869539077,74600000,9791250
2026-10-06 11:29:31,2747374591,869539077,74600000,9791250
2026-10-06 11:34:50,2747374591,869539077,74600000,9791250
2026-10-06 11:40:05,2747374591,869539077,74600000,9791250
2026-10-06 11:44:40,2747374591,869539077,74600000,9791250
2026-10-06 11:49:59,2747374591,869539077,74600000,9791250
2026-10-06 11:55:14,2747374591,869539077,74600000,9791250
2026-10-06 11:59:49,2747374591,869539077,74600000,9791250
2026-10-06 12:05:08,2747374591,869539077,74600000,9791250
2026-10-06 12:10:24,2747374591,869539077,74600000,9791250
2026-10-06 12:15:00,2747374591,869539077,74600000,9791250
2026-10-06 12:30:07,2051259263,1581381221,74800000,9817500
2026-10-06 12:35:24,2051259263,1581381221,74800000,9817500
2026-10-06 12:40:38,2051259263,1581381221,74800000,9817500
2026-10-06 12:45:11,2051259263,1581381221,74800000,9817500
2026-10-06 12:50:27,2247490424,1405911534,74800000,9817500
2026-10-06 12:55:41,2247490424,1405911534,74800000,9817500
2026-10-06 13:00:16,2247490424,1405911534,74800000,9817500
2026-10-06 13:05:32,2171804646,1711215585,74800000,9817500
2026-10-06 13:10:45,1946855206,1938403119,74800000,9817500
2026-10-06 13:15:18,1972760206,1912474473,74800000,9817500
2026-10-06 13:20:37,2001052136,1888526970,74800000,9817500
2026-10-06 13:25:51,1973122585,1923966948,74800000,9817500
2026-10-06 13:30:25,1995481943,1905263784,74800000,9817500
2026-10-06 13:35:43,1995481943,1905242535,74800000,9817500
2026-10-06 13:40:55,1995481943,1907189181,74800000,9817500
2026-10-06 13:45:30,1995481943,1892935451,74800000,9817500
2026-10-06 13:50:47,1996306943,1889817361,74800000,9817500
2026-10-06 13:56:02,1996306943,1889815540,74800000,9817500
2026-10-06 14:00:35,1996306943,1889814826,74800000,9817500
2026-10-06 14:05:54,1996306943,1889813755,74800000,9817500
2026-10-06 14:11:06,1912475390,1971454077,74800000,9817500
2026-10-06 14:15:40,1937675245,1946234566,74800000,9817500
2026-10-06 14:20:58,1937675245,1944780865,74800000,9817500
2026-10-06 14:26:11,1937675245,1944766918,74800000,9817500
2026-10-06 14:30:45,1914904322,1996756308,74800000,9817500
2026-10-06 14:36:01,1879825274,2068731274,74800000,9817500
2026-10-06 14:41:14,1925517024,2023028488,74800000,9817500
2026-10-06 14:45:47,1925517024,2023006698,74800000,9817500
2026-10-06 14:51:04,1925517024,2022992802,74800000,9817500
2026-10-06 14:56:18,1925517024,2022983336,74800000,9817500
2026-10-06 15:00:52,1925517024,2022983336,74800000,9817500
2026-10-06 15:06:10,2585007597,1378048231,74800000,9817500
2026-10-06 15:11:24,2585007597,1378048231,74800000,9817500
2026-10-06 15:16:00,3380740074,588020633,74800000,9817500
2026-10-06 15:21:18,3347038152,622718650,74800000,9817500
2026-10-06 15:26:32,3587791572,382006948,74800000,9817500
2026-10-06 15:31:05,3687562535,282234740,74800000,9817500
2026-10-06 15:36:24,3687562535,282233484,74800000,9817500
2026-10-06 15:41:37,3687562535,282231125,74800000,9817500
2026-10-06 15:46:11,3654442535,315829630,74800000,9817500
2026-10-06 15:51:29,3667624079,308732271,74800000,9817500
2026-10-06 15:56:43,3702371614,273982235,74800000,9817500
2026-10-06 16:01:20,3702371614,273980979,74800000,9817500
2026-10-06 16:06:38,3702371614,273978762,74800000,9817500
2026-10-06 16:11:55,3633513502,343472573,74800000,9817500
2026-10-06 16:16:29,3445448280,533280140,74800000,9817500
2026-10-06 16:21:46,3445448280,533277500,74800000,9817500
2026-10-06 16:27:01,3327418528,652714488,74800000,9817500
2026-10-06 16:31:35,3335417736,644711776,74800000,9817500
2026-10-06 16:36:53,3339071716,641047320,74800000,9817500
2026-10-06 16:42:07,3280343832,700364739,74800000,9817500
2026-10-06 16:46:42,3280343832,700364739,74800000,9817500
2026-10-06 16:52:00,3098401256,884979073,74800000,9817500
2026-10-06 16:57:15,3217489749,765881344,74800000,9817500
2026-10-06 17:01:48,3217489749,765873550,74800000,9817500
2026-10-06 17:07:05,3089379279,896144781,74800000,9817500
2026-10-06 17:12:20,3284807152,700712603,74800000,9817500
2026-10-06 17:16:54,3407162122,581279847,74800000,9817500
2026-10-06 17:22:12,3407162122,581279847,74800000,9817500
2026-10-06 17:27:25,3575451206,414078618,74800000,9817500
2026-10-06 17:32:01,3575451206,414075804,74800000,9817500
2026-10-06 17:37:19,3575451206,414073730,74800000,9817500
2026-10-06 17:42:33,3694873585,294631507,74800000,9817500
2026-10-06 17:47:07,3679801005,309829416,74800000,9817500
2026-10-06 17:52:23,3563928777,427075521,74800000,9817500
2026-10-06 17:57:37,3563928777,427048355,74800000,9817500
2026-10-06 18:02:11,3563928777,426911835,74800000,9817500
2026-10-06 19:09:57,2872810944,321370534,74800000,5142500
2026-10-06 19:15:16,2872810944,320030246,74800000,5142500
2026-10-06 19:35:47,2872810944,314668806,74800000,5142500
2026-10-06 19:41:01,2872810944,311988230,74800000,5142500
2026-10-06 19:45:35,2872810944,309509448,74800000,5142500
2026-10-06 19:50:52,2872810944,309508068,74800000,5142500
2026-10-06 19:56:05,2931310324,251007404,74800000,5142500
2026-10-06 20:00:38,2961505324,220811909,74800000,5142500
2026-10-06 20:05:56,2999304608,183011860,74800000,5142500
2026-10-06 20:11:10,2999304608,183011860,74800000,5142500
2026-10-06 20:15:44,2849090978,334980764,74800000,5142500
2026-10-06 20:21:03,2849090978,334980764,74800000,5142500
2026-10-07 00:58:31,2006450167,926084287,74800000,12155000
2026-10-07 01:03:43,2668508679,330277822,74800000,12155000
2026-10-07 01:08:17,2738971718,259813733,74800000,12155000
2026-10-07 01:13:35,2738971718,259813133,74800000,12155000
2026-10-07 01:18:48,2738971718,259813133,74800000,12155000
2026-10-07 01:23:24,1942195141,1063088315,74800000,12155000
2026-10-07 01:28:43,1942195141,1063082564,74800000,12155000
2026-10-07 01:33:57,1942195141,1063065920,74800000,12155000
2026-10-07 01:38:30,1942195141,1062908789,74800000,12155000
2026-10-07 01:43:48,1942195141,1062908789,74800000,12155000
2026-10-07 01:49:02,1702629699,1305587025,74800000,12155000
2026-10-07 01:53:38,1689477953,1318804010,74800000,12155000
2026-10-07 01:58:55,1689477953,1318783294,74800000,12155000
2026-10-07 02:04:10,1547923742,1462163383,74800000,12155000
2026-10-07 02:08:46,1603309438,1409198284,74800000,12155000
2026-10-07 02:14:04,1422555607,1592284024,74800000,12155000
2026-10-07 08:29:05,1322459215,1839272772,74700000,12138750
2026-10-07 08:34:19,1322459215,1839272772,74700000,12138750
2026-10-07 08:38:56,1322459215,1839272772,74700000,12138750
2026-10-07 08:44:16,923456021,2265908146,74700000,12138750
2026-10-07 08:49:32,923456021,2265854560,74700000,12138750
2026-10-07 08:54:05,1170212462,2019071830,74700000,12138750
2026-10-07 08:59:24,1170212462,2019071830,74700000,12138750
2026-10-07 09:04:42,1170212462,2019071830,74700000,12138750
2026-10-07 09:09:18,1170212462,2019071830,74700000,12138750
2026-10-07 09:14:38,840286293,2474532882,74700000,12138750
2026-10-07 09:19:54,840286293,2474532882,74700000,12138750
2026-10-07 09:24:31,840286293,2474532882,74700000,12138750
2026-10-07 09:29:49,840286293,2474532882,74700000,12138750
2026-10-07 09:35:10,840286293,2474532882,74700000,12138750
2026-10-07 10:07:31,1333476757,2061724406,74700000,12138750
2026-10-07 10:12:46,1333476757,2061724406,74700000,12138750
2026-10-07 10:17:20,1187698261,2229516169,74700000,12138750
2026-10-07 10:22:39,1187698261,2229516169,74700000,12138750
2026-10-07 10:27:55,1187698261,2229516169,74700000,12138750
2026-10-07 10:32:31,1181724694,2260198790,74700000,12138750
2026-10-07 10:37:50,1181724694,2260198790,74700000,12138750
2026-10-07 10:43:05,1937408430,1521960069,74700000,12138750
2026-10-07 10:47:40,1904191277,1554476941,74700000,12138750
2026-10-07 10:52:59,1904191277,1554476941,74700000,12138750
2026-10-07 10:58:14,2289720991,1171999836,74700000,12138750
2026-10-07 11:02:47,2289720991,1166560639,74700000,12138750
2026-10-07 11:08:06,2255130259,1200372590,74700000,12138750
2026-10-07 11:13:19,2159272681,1297811685,74700000,12138750
2026-10-07 11:17:56,2093216482,1360984242,74700000,12138750
2026-10-07 11:23:15,2097671482,1353142429,74700000,12138750
2026-10-07 11:28:30,2097671482,1346368221,74700000,12138750
2026-10-07 11:33:03,2097671482,1342982647,74700000,12138750
2026-10-07 11:38:20,2097671482,1342982647,74700000,12138750
2026-10-07 11:43:35,1580918742,1863165234,74700000,12138750
2026-10-07 11:48:09,1608944894,1831743113,74700000,12138750
2026-10-07 11:53:25,1618954234,1814946245,74700000,12138750
2026-10-07 11:58:40,1618954234,1811552481,74700000,12138750
2026-10-07 12:03:17,1778560089,1648555730,74700000,12138750
2026-10-07 12:08:36,2184218089,1242442210,74700000,12138750
2026-10-07 12:13:51,2184218089,1242435892,74700000,12138750
2026-10-07 12:18:25,1953899063,1477420801,74700000,12138750
2026-10-07 12:23:43,1953899063,1477420801,74700000,12138750
2026-10-07 12:28:59,1953899063,1477420801,74700000,12138750
2026-10-07 12:33:34,1868400839,1567831247,74700000,12138750
2026-10-07 12:38:54,1868400839,1567831247,74700000,12138750
2026-10-07 12:44:09,1868400839,1567831247,74700000,12138750
2026-10-07 12:48:46,2034172413,1408267739,74700000,12138750
2026-10-07 12:54:03,2053093361,1387121384,74700000,12138750
2026-10-07 12:59:18,2053093361,1384734646,74700000,12138750
2026-10-07 13:03:52,2053093361,1382344740,74700000,12138750
2026-10-07 13:09:11,1763075461,1676981448,74700000,12138750
2026-10-07 13:14:26,1763075461,1674588956,74700000,12138750
2026-10-07 13:19:01,1749969392,1688108850,74700000,12138750
2026-10-07 13:24:19,1643718103,1796543357,74700000,12138750
2026-10-07 13:29:35,1643718103,1796543357,74700000,12138750
2026-10-07 13:34:12,2354670568,1091439060,74700000,12138750
2026-10-07 13:39:32,2864472925,577717209,74700000,12138750
2026-10-07 13:44:46,2864472925,577487298,74700000,12138750
2026-10-07 13:49:21,2882787925,559170162,74700000,12138750
2026-10-07 13:54:23,2895162925,546790890,74700000,12138750
2026-10-07 13:59:36,2895162925,546786618,74700000,12138750
2026-10-07 14:04:30,2895162925,546782346,74700000,12138750
2026-10-07 14:09:48,3032716196,412686208,74700000,12138750
2026-10-07 14:15:02,3055094160,392463760,74700000,12138750
2026-10-07 14:19:39,3058394160,389162332,74700000,12138750
2026-10-07 14:24:57,3001778685,446980565,74700000,12138750
2026-10-07 14:30:12,3001778685,446980565,74700000,12138750
2026-10-07 14:34:46,2664698010,790443762,74700000,12138750
2026-10-07 23:15:52,899759842,1736259279,0,0
2026-10-07 23:21:08,899759842,1735856839,0,0
2026-10-07 23:25:43,899759842,1735058079,0,0
2026-10-07 23:31:02,899759842,1734652162,0,0
2026-10-07 23:36:15,899759842,1734245039,0,0
2026-10-07 23:40:49,1007436687,1629608877,0,0
2026-10-07 23:46:07,1007436687,1629560102,0,0
2026-10-07 23:51:22,1007436687,1629540884,0,0
2026-10-07 23:55:55,1007436687,1629522345,0,0
2026-10-08 00:01:11,1007436687,1629498980,0,0
2026-10-08 00:27:43,950736917,1707548234,79800000,7980000
2026-10-08 00:32:59,960327395,1697938218,79800000,7980000
2026-10-08 00:37:32,960327395,1697938218,79800000,7980000
2026-10-08 00:42:49,859528835,1799460383,79800000,7980000
2026-10-08 00:48:02,769673120,1892578928,79800000,7980000
2026-10-08 00:52:37,1573274444,1091213109,79800000,7980000
2026-10-08 00:57:53,1573274444,1091213109,79800000,7980000
2026-10-08 01:03:08,1947581744,719259087,79800000,7980000
2026-10-08 01:07:41,2126914431,539924534,79800000,7980000
2026-10-08 01:12:59,2147352633,519614285,79800000,7980000
2026-10-08 01:18:12,2050967480,621201460,79800000,7980000
2026-10-08 01:22:46,2191560439,483098658,79800000,7980000
2026-10-08 01:28:03,2221616686,455046538,79800000,7980000
2026-10-08 01:33:17,2234905993,443988002,79800000,7980000
2026-10-08 01:37:51,2221478297,458175530,79800000,7980000
2026-10-08 01:43:07,2109362004,573081966,79800000,7980000
2026-10-08 01:48:22,2109362004,573081966,79800000,7980000
2026-10-08 01:52:54,1907146658,784434318,79800000,7980000
2026-10-08 01:58:11,1941682415,752218642,79800000,7980000
2026-10-08 02:03:24,1903858411,795616434,79800000,7980000
2026-10-08 02:07:57,1886858411,815293463,79800000,7980000
2026-10-08 02:13:15,2064277649,637870369,79800000,7980000
2026-10-08 02:18:29,2064277649,637870369,79800000,7980000
2026-10-08 02:23:04,1518222613,1191822983,79800000,7980000
2026-10-08 02:38:47,1821471832,890156992,79700000,7970000
2026-10-08 02:44:03,1908648919,803097606,79700000,7970000
2026-10-08 02:49:16,1919538919,792201369,79700000,7970000
2026-10-08 02:53:49,1784019299,931533465,79700000,7970000
2026-10-08 02:59:05,1787917979,927627599,79700000,7970000
2026-10-08 03:04:18,1803911739,911615962,79700000,7970000
2026-10-08 03:08:50,1803911739,911615962,79700000,7970000
2026-10-08 03:14:07,1669399031,1064582472,79700000,7970000
2026-10-08 03:19:20,1643821526,1090927658,79700000,7970000
2026-10-08 03:23:55,1643821526,1090927658,79700000,7970000
2026-10-08 03:29:12,1479553733,1257223503,79700000,7970000
2026-10-08 03:34:28,1482053383,1254668008,79700000,7970000
2026-10-08 03:39:00,1482053383,1254655577,79700000,7970000
2026-10-08 03:44:17,1482053383,1254643662,79700000,7970000
2026-10-08 03:49:31,1507548946,1229135852,79700000,7970000
2026-10-08 03:54:05,1541543030,1195130688,79700000,7970000
2026-10-08 03:59:21,1363891510,1397076359,79700000,7970000
2026-10-08 04:04:34,1370390236,1390560172,79700000,7970000
2026-10-08 04:09:09,1383693387,1377241485,79700000,7970000
2026-10-08 04:14:26,1285634494,1479836110,79700000,7970000
2026-10-08 04:19:40,1285634494,1479836110,79700000,7970000
2026-10-08 04:24:12,889695831,1883350895,79700000,7970000
2026-10-08 04:29:30,898779279,1874250413,79700000,7970000
2026-10-08 04:34:43,887176931,1891329897,79700000,7970000
2026-10-08 04:39:16,891136931,1887351913,79700000,7970000
2026-10-08 04:44:33,950288433,1831239504,79700000,7970000
2026-10-08 04:49:45,950288433,1831212417,79700000,7970000
2026-10-08 04:54:20,1103633287,1677851563,79700000,7970000
2026-10-08 04:59:37,1120346828,1664827392,79700000,7970000
2026-10-08 05:04:51,1124857940,1660353135,79700000,7970000
2026-10-08 05:09:23,1125357803,1659827223,79700000,7970000
2026-10-08 05:14:40,1294185774,1490277707,79700000,7970000
2026-10-08 05:19:53,1301982893,1487995071,79700000,7970000
2026-10-08 05:24:26,1341182725,1448784501,79700000,7970000
2026-10-08 05:29:43,1263938437,1536742911,79700000,7970000
2026-10-08 05:34:56,664807777,2144285898,79700000,7970000
2026-10-08 05:39:31,753118757,2055935843,79700000,7970000
2026-10-08 05:44:49,753118757,2055935843,79700000,7970000
2026-10-08 05:50:05,843442513,1969220882,79700000,7970000
2026-10-08 05:54:38,843442513,1969220882,79700000,7970000
2026-10-08 05:59:55,869779306,1950153371,79700000,7970000
2026-10-08 06:05:09,869779306,1950153371,79700000,7970000
2026-10-08 06:09:42,754029438,2068916220,79700000,7970000
2026-10-08 06:14:59,426254789,2408342288,79700000,7970000
2026-10-08 06:20:14,426254789,2408306515,79700000,7970000
2026-10-08 06:24:49,426254789,2408264788,79700000,7970000
2026-10-08 06:30:07,426254789,2387734076,79700000,7970000
2026-10-08 06:35:23,426254789,2387734076,79700000,7970000
2026-10-08 06:39:57,426254789,2386152608,79700000,7970000
2026-10-08 06:45:13,427103938,2386154886,79700000,7970000
2026-10-08 06:50:27,427103938,2386154886,79700000,7970000
2026-10-08 06:55:00,416036678,2398846296,79700000,7970000
2026-10-08 07:00:16,415584855,2400942426,79700000,7970000
2026-10-08 07:05:30,435053055,2381458638,79700000,7970000
2026-10-08 07:10:05,485655611,2333850537,79700000,7970000
2026-10-08 07:15:22,812326393,1999264428,79700000,7970000
2026-10-08 07:20:36,711466672,2115186066,79700000,7970000
2026-10-08 07:25:08,524734477,2304559293,79700000,7970000
2026-10-08 07:30:25,1135977325,1693313394,79700000,7970000
2026-10-08 07:35:39,1135977325,1692851464,79700000,7970000
2026-10-08 07:40:12,1135977325,1692851464,79700000,7970000
2026-10-08 07:45:30,1130189151,1699850405,79700000,7970000
2026-10-08 07:50:43,1130189151,1699846970,79700000,7970000
2026-10-08 07:55:18,1130189151,1699843664,79700000,7970000
2026-10-08 08:00:35,1130189151,1699836923,79700000,7970000
2026-10-08 08:05:49,1130189151,1699832894,79700000,7970000
2026-10-08 08:10:22,1239260102,1594245146,79700000,7970000
2026-10-08 08:15:39,1239260102,1594236858,79700000,7970000
2026-10-08 08:20:52,1239260102,1594232823,79700000,7970000
2026-10-08 08:25:26,1326989062,1506500890,79700000,7970000
2026-10-08 08:30:45,1510868304,1324391049,79700000,7970000
2026-10-08 08:35:58,1510868304,1324389026,79700000,7970000
2026-10-08 08:40:34,1510868304,1312805098,79700000,7970000
2026-10-08 09:50:02,1935998790,283530999,76000000,14725000
2026-10-08 09:55:16,1935998790,283530999,76000000,14725000
2026-10-08 09:59:49,1935998790,283530999,76000000,14725000
2026-10-08 10:05:08,2093030127,139630828,76000000,14725000
2026-10-08 10:10:21,2036641235,198603515,76000000,14725000
2026-10-08 10:14:56,2036641235,198603249,76000000,14725000
2026-10-08 10:20:13,2036641235,198603009,76000000,14725000
2026-10-08 10:25:28,2003108235,232469991,76000000,14725000
2026-10-08 10:30:02,1958124656,280719879,76000000,14725000
2026-10-08 10:35:19,1958124656,280719003,76000000,14725000
2026-10-08 10:40:33,2183610959,55232551,76000000,14725000
2026-10-08 10:45:06,2183610959,55232498,76000000,14725000
2026-10-08 10:50:23,2188560959,50282434,76000000,14725000
2026-10-08 10:55:36,2188560959,50282366,76000000,14725000
2026-10-08 11:00:11,2191860959,46982366,76000000,14725000
2026-10-08 11:05:29,2191860959,46982366,76000000,14725000
2026-10-08 11:10:44,2026760518,224318296,76000000,14725000
2026-10-08 11:15:16,2207396516,43682194,76000000,14725000
2026-10-08 11:20:34,2220261781,30904744,76000000,14725000
2026-10-08 11:25:49,2220261781,30904744,76000000,14725000
2026-10-08 11:30:23,2220261781,30904744,76000000,14725000
2026-10-08 11:35:43,1494350643,824410910,76000000,14725000
2026-10-08 11:40:57,1494350643,824410910,76000000,14725000
2026-10-08 11:45:33,1494350643,824410910,76000000,14725000
2026-10-08 11:50:51,1668511770,713437127,76000000,14725000
2026-10-08 11:56:05,1670161770,711780807,76000000,14725000
2026-10-08 13:51:05,2450392557,974273945,0,0
2026-10-08 13:56:19,2450392557,969045125,0,0
2026-10-08 14:00:52,2450392557,953895530,0,0
2026-10-08 14:06:09,2212761392,1193857776,0,0
2026-10-08 14:11:23,2217381392,1188538375,0,0
2026-10-08 14:15:56,2481963699,923943696,0,0
2026-10-08 14:21:14,2453213699,955453577,0,0
2026-10-08 14:26:28,2454863699,953796716,0,0
2026-10-08 14:52:17,2118233699,1295129329,76000000,5700000
2026-10-08 14:57:31,2118233699,1295104789,76000000,5700000
2026-10-08 15:02:04,2130627671,1286198398,76000000,5700000
2026-10-08 15:07:22,2130627671,1286184222,76000000,5700000
2026-10-08 15:12:37,2130627671,1286168148,76000000,5700000
2026-10-08 15:17:10,2163482185,1263912816,76000000,5700000
2026-10-08 15:22:29,2163482185,1263912816,76000000,5700000
2026-10-08 15:35:39,2359366007,1082403575,0,0
2026-10-08 15:40:57,3039423064,402343221,0,0
2026-10-08 15:46:09,2997232314,448538796,0,0
2026-10-08 15:50:41,2661765534,788756832,0,0
2026-10-08 15:56:00,2661765534,788751311,0,0
2026-10-08 16:01:14,2641016792,810587297,0,0
2026-10-08 16:05:46,2587203032,866446471,0,0
2026-10-08 16:11:05,3019586021,434054242,0,0
2026-10-08 16:16:19,3113313996,340318613,0,0
2026-10-08 16:20:53,3134646152,318978519,0,0
2026-10-08 16:26:10,3136593242,317024928,0,0
2026-10-08 16:31:23,3138243242,315368140,0,0
2026-10-08 16:35:55,3200555012,253049182,0,0
2026-10-08 16:41:11,3285050652,168552118,0,0
2026-10-08 16:46:25,3169402691,288666043,0,0
2026-10-08 16:50:58,3363278008,94788739,0,0
2026-10-08 16:56:14,3296750488,163743996,0,0
2026-10-08 17:01:28,3162705715,300614215,0,0
2026-10-08 17:06:03,3156028777,308036690,0,0
2026-10-08 17:11:19,3156028777,308036690,0,0
2026-10-08 17:16:34,2621837731,853161664,0,0
2026-10-08 17:21:07,2636800231,838187181,0,0
2026-10-08 17:26:24,2925486915,549845671,0,0
2026-10-08 17:31:37,3063760152,415485658,0,0
2026-10-08 17:36:12,2980933908,499982310,0,0
2026-10-08 17:41:29,2956051348,525335425,0,0
2026-10-08 17:46:42,2956051348,525327137,0,0
2026-10-08 17:51:17,2956051348,525315260,0,0
2026-10-08 17:56:33,2956051348,525311724,0,0
2026-10-08 19:15:04,3170514940,275297702,76000000,33725000
2026-10-08 19:20:24,3170514940,275295932,76000000,33725000
2026-10-08 19:25:40,3170514940,275293238,76000000,33725000
2026-10-08 19:30:14,3170514940,275289398,76000000,33725000
2026-10-08 19:35:33,3170514940,275285816,76000000,33725000
2026-10-08 19:40:48,3170514940,275282198,76000000,33725000
2026-10-08 19:45:22,3170514940,275282198,76000000,33725000
2026-10-08 19:50:41,2868294940,582140591,76000000,33725000
2026-10-08 19:55:57,2868294940,582000173,76000000,33725000
2026-10-08 20:00:37,2868294940,581970125,76000000,33725000
2026-10-08 20:05:56,2742707049,712431090,76000000,33725000
2026-10-08 20:11:11,2742707049,712425158,76000000,33725000
2026-10-08 20:15:47,2742707049,712411836,76000000,33725000
2026-10-08 20:21:06,2742707049,712406162,76000000,33725000
2026-10-08 20:26:23,2742707049,712392356,76000000,33725000
2026-10-08 20:30:57,2748991368,706102242,76000000,33725000
2026-10-08 20:36:17,2748991368,706102242,76000000,33725000
2026-10-08 20:41:36,2597874986,876495502,76000000,33725000
2026-10-08 20:46:14,2597874986,876488653,76000000,33725000
2026-10-08 20:51:32,2597874986,876482622,76000000,33725000
2026-10-08 23:42:51,2570879027,826012347,76000000,27550000
2026-10-08 23:48:09,3168605059,228281238,76000000,27550000
2026-10-08 23:53:08,3175077158,221806516,76000000,27550000
2026-10-08 23:58:09,3175077158,221804469,76000000,27550000
2026-10-09 00:44:23,3162023121,233850005,76000000,22800000
2026-10-09 00:49:37,3162023121,233850005,76000000,22800000
2026-10-09 00:54:10,3162023121,233850005,76000000,22800000
2026-10-09 00:59:28,2487110925,956673967,76000000,22800000
2026-10-09 01:04:43,2487110925,956673967,76000000,22800000
2026-10-09 01:09:16,2487110925,956673967,76000000,22800000
2026-10-09 01:14:34,2316918731,1160339886,76000000,22800000
2026-10-09 01:19:48,2274396600,1204409704,76000000,22800000
2026-10-09 01:24:24,2642288536,851447117,76000000,22800000
2026-10-09 01:29:43,2642288536,851447117,76000000,22800000
2026-10-09 01:34:59,2612049668,893613137,76000000,22800000
2026-10-09 01:39:31,2632956512,872700290,76000000,22800000
2026-10-09 01:44:49,2632956512,872690282,76000000,22800000
2026-10-09 01:50:04,2632956512,872685757,76000000,22800000
2026-10-09 01:54:36,2937508983,568125316,76000000,22800000
2026-10-09 01:59:54,2937624489,568003425,76000000,22800000
2026-10-09 02:05:08,2937624489,567995989,76000000,22800000
2026-10-09 02:09:43,2937624489,567993205,76000000,22800000
2026-10-09 02:15:01,2937624489,567986026,76000000,22800000
2026-10-09 02:20:16,2937624489,567978567,76000000,22800000
2026-10-09 02:24:48,2950939665,554655955,76000000,22800000
2026-10-09 02:43:17,2956939665,554639775,76000000,22800000
2026-10-09 02:48:36,2956939665,554635008,76000000,22800000
2026-10-09 02:53:50,2956939665,554635008,76000000,22800000
2026-10-09 02:58:26,2684620869,832590804,76000000,22800000
2026-10-09 03:03:44,2738332480,797345891,76000000,22800000
2026-10-09 03:08:59,3033949412,502126157,76000000,22800000
2026-10-09 03:13:33,3033949412,502117870,76000000,22800000
2026-10-09 03:18:51,3068782952,467260936,76000000,22800000
2026-10-09 03:28:42,3052328558,486180756,0,0
2026-10-09 03:34:01,3276531429,261973042,0,0
2026-10-09 03:39:17,3333913195,204586428,0,0
2026-10-09 03:43:52,3154251290,394416855,0,0
2026-10-09 03:49:11,3133251290,415563309,0,0
2026-10-09 03:54:26,3063938028,485355362,0,0
2026-10-09 03:58:59,3063938028,485355362,0,0
2026-10-09 04:04:17,2394675440,1177515563,0,0
2026-10-09 04:09:32,2394675440,1177515563,0,0
2026-10-09 04:14:06,1938871356,1647960736,0,0
2026-10-09 04:19:23,2081899217,1504887723,0,0
2026-10-09 04:24:37,2081899217,1504869803,0,0
2026-10-09 04:29:13,2190318064,1396433713,0,0
2026-10-09 04:34:31,2433122321,1153609096,0,0
2026-10-09 04:39:47,2645729865,940974561,0,0
2026-10-09 04:44:21,2645729865,940962392,0,0
2026-10-09 04:49:39,2929448998,657236553,0,0
2026-10-09 04:54:53,2929448998,657236553,0,0
2026-10-09 04:59:27,2929448998,657236553,0,0
2026-10-09 05:04:44,2398687743,1228096993,0,0
2026-10-09 05:09:58,2050296700,1597100472,0,0
2026-10-09 05:14:36,2050296700,1597100472,0,0
2026-10-09 05:19:54,2240574652,1410212208,0,0
2026-10-09 05:25:10,2240574652,1410179997,0,0
2026-10-09 05:29:44,2240574652,1410152048,0,0
2026-10-09 05:35:02,2240574652,1410099378,0,0
2026-10-09 05:40:17,2240574652,1410077180,0,0
2026-10-09 05:44:51,2054407305,1601454968,0,0
2026-10-09 05:50:10,2054407305,1601429170,0,0
2026-10-09 05:55:25,2054407305,1569539596,0,0
2026-10-09 06:00:02,2054407305,1569508834,0,0
2026-10-09 06:05:20,2054407305,1569481655,0,0
2026-10-09 06:10:34,2054407305,1569436511,0,0
2026-10-09 06:15:08,2054407305,1569414322,0,0
2026-10-09 06:20:09,3064749612,563739780,0,0
2026-10-09 06:25:24,3064749612,563739780,0,0
2026-10-09 06:30:18,3306442195,327500980,0,0
2026-10-09 06:35:39,3306442195,327500980,0,0
2026-10-09 06:40:53,3342438114,291496437,0,0
2026-10-09 06:45:30,3342438114,291488701,0,0
2026-10-09 06:50:49,3342438114,291488701,0,0
2026-10-09 06:56:03,3342438114,291488701,0,0
2026-10-09 07:00:37,2766600984,908939501,0,0
2026-10-09 07:05:57,2710368294,972460969,0,0
2026-10-09 07:11:11,2573484660,1114390317,0,0
2026-10-09 07:15:45,2588403930,1089386809,0,0
2026-10-09 07:21:04,2588403930,1070263313,0,0
2026-10-09 07:26:18,2592288670,1064208611,0,0
2026-10-09 07:30:55,2592288670,1064197020,0,0
2026-10-09 07:36:13,2592288670,1064190535,0,0
2026-10-09 07:41:27,2775809637,880656838,0,0
2026-10-09 07:46:01,2775809637,880650967,0,0
2026-10-09 07:51:20,2775809637,880640072,0,0
2026-10-09 07:56:33,2632484637,1025339928,0,0
2026-10-09 08:01:07,2653368465,1004449087,0,0
2026-10-09 08:06:26,2653368465,1004437359,0,0
2026-10-09 08:11:40,2653368465,1004422686,0,0
2026-10-09 08:16:16,2653368465,1004417734,0,0
2026-10-09 08:21:34,2653368465,1004404905,0,0
2026-10-09 08:26:49,2653368465,1004400960,0,0
2026-10-09 08:31:22,2653368465,1004388061,0,0
2026-10-09 08:36:42,2519787093,1140176306,0,0
2026-10-09 08:41:57,2519787093,1140166940,0,0
2026-10-09 10:22:05,2077397122,762260750,78960000,6415500
2026-10-09 10:27:23,2077397122,759531955,78960000,6415500
2026-10-09 10:32:37,2077397122,759506672,78960000,6415500
2026-10-09 10:37:14,2077397122,759493937,78960000,6415500
2026-10-09 10:42:32,2083216732,753654884,78960000,6415500
2026-10-09 10:47:46,1978091732,859862391,78960000,6415500
2026-10-09 10:52:19,1987790382,850146897,78960000,6415500
2026-10-09 10:57:37,2408238350,429682839,78960000,6415500
2026-10-09 11:02:50,2493572377,344337433,78960000,6415500
2026-10-09 11:07:26,2418812377,421908511,78960000,6415500
2026-10-09 11:12:46,2507828742,332889905,78960000,6415500
2026-10-09 11:18:00,2386968018,458374947,78960000,6415500
2026-10-09 11:22:34,2386968018,458359906,78960000,6415500
2026-10-09 11:27:52,2386968018,458356121,78960000,6415500
2026-10-09 11:33:06,2386968018,458341988,78960000,6415500
2026-10-09 11:37:39,2409095597,436206489,78960000,6415500
2026-10-09 11:42:57,2410452893,434839150,78960000,6415500
2026-10-09 11:48:11,2410452893,434827204,78960000,6415500
2026-10-09 11:52:47,2410452893,430354596,78960000,6415500
2026-10-09 11:58:05,2410452893,430351986,78960000,6415500
2026-10-09 13:33:37,1587157927,1836475913,75000000,7500000
2026-10-09 13:38:51,1385614891,2023119872,75000000,7500000
2026-10-09 13:43:24,1385614891,2020755947,75000000,7500000
2026-10-09 13:48:43,1396826491,2009493434,75000000,7500000
2026-10-09 13:53:57,1396826491,2009458206,75000000,7500000
2026-10-09 13:58:30,1517138014,1889068782,75000000,7500000
2026-10-09 14:03:49,1517138014,1889032146,75000000,7500000
2026-10-09 14:09:03,1529468926,1876662727,75000000,7500000
2026-10-09 14:13:38,1530091423,1885930603,75000000,7500000
2026-10-09 14:18:55,1530091423,1885893946,75000000,7500000
2026-10-09 14:24:10,1530091423,1885853432,75000000,7500000
2026-10-09 15:01:22,2672033726,748835982,75000000,7968750
2026-10-09 15:06:36,3230432806,191916601,75000000,7968750
2026-10-09 15:11:14,3230432806,190305614,75000000,7968750
2026-10-09 15:16:34,3217407510,201812954,75000000,7968750
2026-10-09 15:21:50,3217407510,201812954,75000000,7968750
2026-10-09 15:26:26,3217407510,201812954,75000000,7968750
2026-10-09 15:31:44,3162619665,263312072,75000000,7968750
2026-10-09 15:36:47,3162619665,263312072,75000000,7968750
2026-10-09 15:41:44,3188855887,237072012,75000000,7968750
2026-10-09 15:47:03,3188855887,237068822,75000000,7968750
2026-10-09 15:52:19,3188855887,237066270,75000000,7968750
2026-10-09 15:56:53,3188855887,237063008,75000000,7968750
2026-10-09 16:02:13,3188855887,237059499,75000000,7968750
2026-10-09 16:07:28,3188855887,237056628,75000000,7968750
2026-10-09 16:12:04,3188855887,237053438,75000000,7968750
2026-10-09 16:17:25,3188855887,237050886,75000000,7968750
2026-10-09 16:22:43,3241327614,184575969,75000000,7968750
2026-10-09 16:27:19,3241327614,184573098,75000000,7968750
2026-10-09 16:32:38,3241327614,184570329,75000000,7968750
2026-10-09 16:37:52,3241327614,184567356,75000000,7968750
2026-10-09 16:42:27,3245038794,180853485,75000000,7968750
2026-10-09 16:47:46,3245038794,180849598,75000000,7968750
2026-10-09 16:53:03,3245038794,177626907,75000000,7968750
2026-10-09 16:57:38,3245038794,175994067,75000000,7968750
2026-10-09 17:02:40,3245038794,175989812,75000000,7968750
2026-10-09 17:07:54,3245038794,175986155,75000000,7968750
2026-10-09 17:12:54,3305066504,115955028,75000000,7968750
2026-10-09 17:18:16,3305066504,115951647,75000000,7968750
2026-10-09 17:23:33,3305066504,115947024,75000000,7968750
2026-10-09 17:28:08,3305066504,115944540,75000000,7968750
2026-10-09 17:33:08,3305066504,115942056,75000000,7968750
2026-10-09 19:35:38,3217147272,107356519,75800000,22740000
2026-10-09 19:40:52,3217147272,107354776,75800000,22740000
2026-10-09 19:45:27,3217147272,107353033,75800000,22740000
2026-10-09 19:50:44,3217147272,107351290,75800000,22740000
2026-10-09 19:55:58,3217147272,107349547,75800000,22740000
2026-10-09 20:00:31,3217147272,107347804,75800000,22740000
2026-10-09 20:05:51,3218444939,106047717,75800000,22740000
2026-10-09 20:11:07,3218444939,106046749,75800000,22740000
2026-10-09 20:15:44,3218444939,106045055,75800000,22740000
2026-10-09 20:21:04,3218444939,106042393,75800000,22740000
2026-10-09 20:26:19,3227712239,96773791,75800000,22740000
2026-10-09 20:30:54,3227712239,96772447,75800000,22740000
2026-10-09 20:36:12,3227712239,96771103,75800000,22740000
2026-10-09 20:41:28,3227712239,96538223,75800000,22740000
2026-10-09 20:46:03,3227712239,96076303,75800000,22740000
2026-10-09 20:51:21,3227712239,95837896,75800000,22740000
2026-10-09 20:56:38,3227712239,95836007,75800000,22740000
2026-10-09 21:01:16,3227712239,95834502,75800000,22740000
2026-10-09 21:06:34,3227712239,95831607,75800000,22740000
2026-10-09 21:11:50,3227712239,95828182,75800000,22740000
2026-10-09 21:16:28,3227712239,95826485,75800000,22740000
2026-10-09 21:21:46,3227712239,95824596,75800000,22740000
2026-10-09 21:27:00,3227712239,95819758,75800000,22740000
2026-10-09 21:31:35,3227712239,95818944,75800000,22740000
2026-10-09 21:36:35,3227712239,95817700,75800000,22740000
2026-10-09 21:41:52,3227712239,95797725,75800000,22740000
2026-10-09 21:46:47,3237040063,86467355,75800000,22740000
2026-10-09 21:52:07,3223960303,101769244,75800000,22740000
2026-10-09 21:57:23,3223960303,101766937,75800000,22740000
2026-10-09 22:01:59,3223960303,101765014,75800000,22740000
2026-10-09 22:07:18,3223960303,101763262,75800000,22740000
2026-10-09 22:12:34,3223960303,101761339,75800000,22740000
2026-10-09 22:17:08,3244077266,81643045,75800000,22740000
2026-10-09 22:22:09,3244077266,81639917,75800000,22740000
2026-10-09 22:27:24,3244077266,80792996,75800000,22740000
2026-10-09 22:32:20,2929406744,399373463,75800000,22740000
2026-10-09 22:37:40,2929406744,399370776,75800000,22740000
2026-10-09 22:42:57,2939247626,390817491,75800000,22740000
2026-10-09 22:47:31,2926602848,403510592,75800000,22740000
2026-10-09 22:52:50,2917300969,414198200,75800000,22740000
2026-10-09 22:58:04,2888544160,444426088,75800000,22740000
2026-10-09 23:02:39,2888544160,444426088,75800000,22740000
2026-10-09 23:07:39,2827397129,508343108,75800000,22740000
2026-10-09 23:12:55,2827397129,508339565,75800000,22740000
2026-10-09 23:17:53,2827397129,508335527,75800000,22740000
2026-10-09 23:23:13,2827397129,508331489,75800000,22740000
2026-10-09 23:28:28,2827397129,508327616,75800000,22740000
2026-10-09 23:33:04,2827397129,508324238,75800000,22740000
2026-10-09 23:38:22,2827397129,508320695,75800000,22740000
2026-10-09 23:43:38,2827397129,508317977,75800000,22740000
2026-10-09 23:48:13,2827397129,508314599,75800000,22740000
2026-10-09 23:53:33,2827397129,508310726,75800000,22740000
2026-10-09 23:58:49,2829017129,506687183,75800000,22740000
2026-10-10 00:03:25,2829017129,506683805,75800000,22740000
2026-10-10 00:08:45,2829017129,506680427,75800000,22740000
2026-10-10 00:14:02,2829017129,506676554,75800000,22740000
2026-10-10 00:18:36,2841617129,494088800,75800000,22740000
2026-10-10 00:23:57,2841617129,494085422,75800000,22740000
2026-10-10 00:29:11,2979515167,356771963,75800000,22740000
2026-10-10 00:33:47,2979515167,356771162,75800000,22740000
2026-10-10 00:39:06,2979515167,356769938,75800000,22740000
2026-10-10 00:44:22,2881893167,455131332,75800000,22740000
2026-10-10 00:49:01,2783088791,555115790,75800000,22740000
2026-10-10 00:54:20,2894271550,443926551,75800000,22740000
2026-10-10 00:59:36,2894271550,443918991,75800000,22740000
2026-10-10 01:04:12,2894271550,443915751,75800000,22740000
2026-10-10 01:09:30,2894271550,443904951,75800000,22740000
2026-10-10 01:14:46,2894271550,443898471,75800000,22740000
2026-10-10 01:19:21,2894271550,443889831,75800000,22740000
2026-10-10 01:24:39,3167465333,170695139,75800000,22740000
2026-10-10 01:29:56,3287670472,50490000,75800000,22740000
2026-10-10 01:34:33,3287670472,50490000,75800000,22740000
2026-10-10 01:39:54,3287670472,50490000,75800000,22740000
2026-10-10 01:45:10,3287670472,50490000,75800000,22740000
2026-10-10 01:49:45,3287670472,50490000,75800000,22740000
2026-10-10 01:55:04,3287670472,50490000,75800000,22740000
2026-10-10 02:00:21,3287670472,50490000,75800000,22740000
2026-10-10 02:04:55,3287670472,50490000,75800000,22740000
2026-10-10 02:10:15,3287670472,50490000,75800000,22740000
2026-10-10 02:15:32,3287670472,50490000,75800000,22740000
2026-10-10 02:20:09,3287670472,50490000,75800000,22740000
2026-10-10 02:25:30,3287670472,50490000,75800000,22740000
2026-10-10 02:51:13,3179790266,159753688,78959999,23688000
2026-10-10 02:56:29,3112918276,227494110,78959999,23688000
2026-10-10 03:01:04,2908003276,435083326,78959999,23688000
2026-10-10 03:06:22,2908003276,435083326,78959999,23688000
2026-10-10 03:11:36,2327742326,1022848496,78959999,23688000
2026-10-10 03:16:08,2196790171,1155361935,78959999,23688000
2026-10-10 03:21:26,2089083832,1264379423,78959999,23688000
2026-10-10 03:26:40,2089083832,1264328141,78959999,23688000
2026-10-10 03:31:12,2089083832,1264305764,78959999,23688000
2026-10-10 03:42:15,1994583832,1360446498,0,0
2026-10-10 03:46:30,1994583832,1360418763,0,0
2026-10-10 03:51:48,1848570180,1508937330,0,0
2026-10-10 03:57:02,1848570180,1508884962,0,0
2026-10-10 04:01:35,1848570180,1508854890,0,0
2026-10-10 04:06:52,1848570180,1508832756,0,0
2026-10-10 04:12:07,1848570180,1508772369,0,0
2026-10-10 04:16:39,1848570180,1508743986,0,0
2026-10-10 04:21:58,1848570180,1508680614,0,0
2026-10-10 04:27:14,1776776676,1582906404,0,0
2026-10-10 04:31:51,1745610766,1616279308,0,0
2026-10-10 04:37:09,1745610766,1616279308,0,0
2026-10-10 04:42:23,1640913997,1723213675,0,0
2026-10-10 04:46:58,1590095676,1777766299,0,0
2026-10-10 04:52:17,1590095676,1758932096,0,0
2026-10-10 04:57:33,2768580522,580443794,0,0
2026-10-10 05:02:06,2811661122,537359738,0,0
2026-10-10 05:07:25,2793683352,563340190,0,0
2026-10-10 05:12:43,2793683352,563338182,0,0
2026-10-10 05:17:22,2793683352,563338182,0,0
2026-10-10 05:22:41,2500453120,866229752,0,0
2026-10-10 05:27:57,2487432134,879329293,0,0
2026-10-10 05:32:31,2487432134,878539711,0,0
2026-10-10 05:37:49,2505432134,860523568,0,0
2026-10-10 05:43:04,2505432134,860506660,0,0
2026-10-10 05:47:39,2505432134,860499577,0,0
2026-10-10 05:52:56,2505432134,860492119,0,0
2026-10-10 05:58:09,2505432134,860475283,0,0
2026-10-10 06:02:44,2505432134,860467594,0,0
2026-10-10 06:08:01,2505432134,860453356,0,0
2026-10-10 06:13:12,2444641305,922435939,0,0
2026-10-10 06:17:45,2444641305,922416142,0,0
2026-10-10 06:23:02,2444641305,922396633,0,0
2026-10-10 06:28:15,2444641305,922378207,0,0
2026-10-10 06:32:47,2444641305,922370026,0,0
2026-10-10 06:38:02,2444641305,922362307,0,0
2026-10-10 06:43:15,2444641305,922353592,0,0
2026-10-10 06:47:49,2444641305,922338601,0,0
2026-10-10 06:53:06,2315035313,1053347948,0,0
2026-10-10 06:58:19,2208859589,1162507900,0,0
2026-10-10 07:02:52,2210659589,1160860480,0,0
2026-10-10 07:08:08,2295819208,1075671266,0,0
2026-10-10 07:13:22,2295819208,1075657256,0,0
2026-10-10 07:17:56,2588403287,783065296,0,0
2026-10-10 07:23:13,2307209307,1066890233,0,0
2026-10-10 07:28:26,2308857332,1066876379,0,0
2026-10-10 07:33:01,2308857332,1066849496,0,0
2026-10-10 07:38:18,2308857332,1066837715,0,0
2026-10-10 07:43:31,2312754617,1062918092,0,0
2026-10-10 07:48:05,2494291844,878811665,0,0
2026-10-10 07:53:24,2539651844,833450115,0,0
2026-10-10 07:58:38,2703811616,669287697,0,0
2026-10-10 08:03:10,2703811616,669285051,0,0
2026-10-10 08:08:28,2709288979,665009259,0,0
2026-10-10 08:13:40,2708404992,667144077,0,0
2026-10-10 08:33:47,2711399660,684251593,0,0
2026-10-10 08:38:59,2705654453,690707317,0,0
2026-10-10 08:43:32,2705654453,690707317,0,0
2026-10-10 08:48:49,2862659594,549116769,0,0
2026-10-10 08:54:01,2851233601,565069967,0,0
2026-10-10 10:43:06,2725458490,413421258,76600000,25373750
2026-10-10 10:48:20,2701680009,439206598,76600000,25373750
2026-10-10 10:52:56,2823209741,317674601,76600000,25373750
2026-10-10 10:58:15,2823209741,317673453,76600000,25373750
2026-10-10 11:03:28,2680946845,468156951,76600000,25373750
2026-10-10 11:08:04,2680946845,468151928,76600000,25373750
2026-10-10 11:13:22,2680946845,468144247,76600000,25373750
2026-10-10 11:18:35,2791478341,357603187,76600000,25373750
2026-10-10 11:23:10,2808758849,340318771,76600000,25373750
2026-10-10 11:28:27,2808758849,340309650,76600000,25373750
2026-10-10 11:33:41,2873953769,275107128,76600000,25373750
2026-10-10 11:38:14,2874144220,274913000,76600000,25373750
2026-10-10 11:43:31,2886402116,262649915,76600000,25373750
2026-10-10 11:48:45,2901064916,247982357,76600000,25373750
2026-10-10 11:53:21,2913364982,238762549,76600000,25373750
2026-10-10 11:58:38,2924396332,230190838,76600000,25373750
2026-10-10 13:00:36,1395783185,1574694831,78000000,19500000
2026-10-10 13:05:50,1429104093,1541353282,78000000,19500000
2026-10-10 13:10:25,1384245669,1587753220,78000000,19500000
2026-10-10 13:15:41,1384245669,1587720672,78000000,19500000
2026-10-10 13:20:56,1414055392,1557885983,78000000,19500000
2026-10-10 13:25:30,1235841217,1756712547,78000000,19500000
