row,at,item,qty,price,buy_cost,floor_at,floored,broken
1,2026-10-09T10:34:12,Critical Ring +2,1,92029999,0,0,,
2,2026-10-09T10:34:12,Armor Account bind Unseal Stone,1,194499999,189000000,189000000,,
3,2026-10-09T10:34:12,Upgrade Core (Ultimate,50,496836,0,0,,
4,2026-10-09T10:34:12,Blessing Bead - Superior,1,179999994,165186000,165186000,,
5,2026-10-09T10:34:12,Armor Account bind Seal Stone,1,194499999,189000000,189000000,,
6,2026-10-09T10:34:12,Force Gem Package,1,194999999,189000000,189000000,,
7,2026-10-09T10:34:12,Upgrade Core (Ultimate,6,496835,0,0,,
8,2026-10-09T10:34:12,Force Core (Ultimate,63,297753,0,0,,
9,2026-10-09T10:34:12,Force Core (Ultimate,118,297752,0,0,,
10,2026-10-09T10:34:12,Force Core (Ultimate,121,297751,0,0,,
11,2026-10-09T10:34:12,Upgrade Core (Ultimate,34,496833,0,0,,
12,2026-10-09T10:34:12,Force Core(Highest,134,186872,0,0,,
13,2026-10-09T10:34:12,Force Core(Highest,250,186871,0,0,,
14,2026-10-09T10:34:12,Force Core(Highest,79,186870,0,0,,
15,2026-10-09T10:34:12,Force Core(High,24,163468,0,0,,
16,2026-10-09T10:34:12,Force Core(High,250,163467,0,0,,
17,2026-10-09T10:34:12,Force Core(High,28,163466,0,0,,
18,2026-10-09T10:34:12,Arionell,1,309999997,283500000,283500000,,
19,2026-10-09T10:34:12,Chaos Core Set X 249,1,181765517,721000,0,,
20,2026-10-09T10:34:12,Chaos Core Set X 204,1,148916123,721000,0,,
21,2026-10-09T10:34:12,Chaos Core Set X 138,1,100737239,721000,0,,
22,2026-10-09T10:34:12,Chaos Core Set X 249,1,181769252,721000,0,,
23,2026-10-09T10:34:12,Chaos Core Set X 249,1,181769003,722430,0,,
24,2026-10-09T10:34:12,Chaos Core Set X 243,1,177388784,722992,0,,
25,2026-10-09T10:34:12,Chaos Core Set X 150,1,109499099,726706,0,,
26,2026-10-09T10:34:12,Chaos Core Set X 249,1,181768256,726888,0,,
27,2026-10-09T10:34:12,Force Core(Highest,63,186875,181818,0,,
28,2026-10-09T10:34:12,Chaos Core Set X 156,1,113878751,721000,0,,
