row,at,item,qty,price,buy_cost,floor_at
1,2026-10-01T18:00:57,Siena's Unbinding Stone,1,98799994,75111111,75111111
2,2026-10-01T18:00:57,Yekaterina VIP Membership,1,112666666,112666666,112666666
3,2026-10-01T18:00:57,Epic Booster (Highest),4,48777764,46944444,46944444
4,2026-10-01T18:00:57,Force Core (Ultimate,2,348840,0,0
5,2026-10-01T18:00:57,Force Core (Ultimate,214,348839,0,0
6,2026-10-01T18:00:57,Force Core (Ultimate,81,348838,0,0
7,2026-10-01T18:00:57,Chaos Core,1,738659,746601,0
8,2026-10-01T18:00:57,Upgrade Core (Ultimate,76,455857,0,0
9,2026-10-01T18:00:57,Upgrade Core (Ultimate,169,455855,0,0
10,2026-10-01T18:00:57,Chaos Core,1,738012,746601,0
11,2026-10-01T18:00:57,Chaos Core Set X 21,1,16580234,0,0
12,2026-10-01T18:00:57,Upgrade Core (Ultimate,24,455853,0,0
13,2026-10-01T18:00:57,Chaos Core,1,737497,750000,0
14,2026-10-01T18:00:57,Chaos Core,1,736797,750000,0
15,2026-10-01T18:00:57,Chaos Core Set X 18,1,14211575,737663,0
16,2026-10-01T18:00:57,Chaos Core,1,736123,750000,0
17,2026-10-01T18:00:57,Chaos Core Set X 291,1,229753520,0,0
18,2026-10-01T18:00:57,Chaos Core,1,735511,746601,0
